OFFENSE_CODE_GROUP,OCCURRED_ON_DATE,STREET
Drug Offenses,2017-03-06,2207 N HOOKER ST
Burglary,2018-01-03,4400 E EVANS AVE
Burglary,2018-01-03,3435 S YOSEMITE ST
Burglary,2016-02-01,5050 N YORK ST
Burglary,2016-05-21,3888 E MEXICO AVE
Agg ASLT-Other,2015-07-19,16TH ST / CALIFORNIA ST
Burglary,2018-01-03,120 S KALAMATH ST
Drug Offenses,2015-04-22,401 16TH ST
Burglary,2018-01-03,755 S FEDERAL BLVD
Burglary,2019-01-12,1255 W VIRGINIA AVE
Theft from Motor Vehicle,2019-01-08,1798 W MISSISSIPPI AVE
Larceny,2018-01-05,4902 E SMITH RD
Agg ASLT-Other,2016-05-26,1055 19TH ST
Robbery-Street-Res,2019-01-15,970 N LINCOLN ST
Burglary,2019-02-05,1270 W CEDAR AVE
Simple Assault,2019-02-23,3944 N HIGH ST
Larceny,2019-01-12,1001 N GAYLORD ST
Burglary,2020-01-23,399 S HARRISON ST
Larceny,2020-01-21,970 S ONEIDA ST
Larceny,2015-04-13,1100 BLOCK E COLFAX AVE
Criminal Mischief-Vehicle,2020-01-25,2863 LARIMER ST
Robbery-Street-Res,2020-01-21,6858 E EVANS AVE
Burglary,2016-02-28,1005 N FEDERAL BLVD
Theft from Motor Vehicle,2016-01-30,1800 S BROADWAY ST
Burglary,2015-05-19,2424 E 43RD AVE
Burglary,2017-01-14,505 W 40TH AVE
Larceny,2019-01-18,5200 E SMITH RD
Burglary,2018-01-22,4105 N JASON ST
All Other Crimes,2015-08-03,330 N FEDERAL BLVD
All Other Crimes,2019-01-17,990 W 6TH AVE
Burglary,2015-04-26,4228 N YORK ST
Larceny,2019-01-04,6853 LEETSDALE DR
Larceny,2018-02-26,4228 N YORK ST
Criminal Mischief-Property,2018-01-15,875 N NAVAJO ST
Burglary,2020-01-07,1201 W CUSTER PL
Robbery-Business,2020-01-03,3555 S YOSEMITE ST
Burglary,2015-12-04,855 N HUMBOLDT ST
Robbery-Street-Res,2020-01-16,6858 E EVANS AVE
Robbery-Street-Res,2017-08-26,901 AURARIA PKWY
Burglary,2018-01-19,1619 W 12TH AVE
Burglary,2020-01-04,6858 E EVANS AVE
Burglary,2015-03-27,1569 S COLORADO BLVD
Drug Offenses,2016-01-11,754 S BROADWAY ST
Burglary,2020-01-30,1568 S FEDERAL BLVD
Criminal Mischief-Property,2018-01-04,4015 N ELATI ST
All Other Crimes,2019-02-05,4421 N INCA ST
Robbery-Business,2020-01-08,330 S DAYTON ST
Burglary,2016-08-24,4773 N FOX ST
Burglary,2016-06-28,1995 S BROADWAY ST
Criminal Mischief-Property,2020-01-09,1285 W BYERS PL
Burglary,2016-07-07,1126 S SHERIDAN BLVD
All Other Crimes,2019-02-06,755 S JASON ST
Agg ASLT-Other,2020-01-04,1798 W MISSISSIPPI AVE
Burglary,2020-01-06,1755 S BROADWAY ST
All Other Crimes,2020-01-04,2042 ARAPAHOE ST
Criminal Mischief-Property,2020-01-03,1201 20TH ST
Burglary,2016-04-26,985 S LOGAN ST
Robbery-Street-Res,2015-11-01,5300 W WARREN AVE
Burglary,2018-03-01,11122 E 47TH AVE
Burglary,2016-08-25,1710 N XENIA ST
Burglary,2016-07-11,7739 E COLFAX AVE
All Other Crimes,2018-02-15,5353 N JOLIET ST
Larceny,2015-04-05,1500 E COLFAX AVE
Robbery-Street-Res,2018-01-18,4620 N PEORIA ST
Larceny,2016-08-23,445 N FEDERAL BLVD
Burglary,2020-01-30,2426 S FEDERAL BLVD
Burglary,2018-01-24,1055 S FOX ST
Larceny,2018-12-27,1619 W 12TH AVE
Burglary,2016-07-23,1355 S INCA ST
Drug Offenses,2020-01-15,4745 W 38TH AVE
Burglary,2015-05-05,777 N CANOSA CT
Simple Assault,2015-03-31,760 E COLFAX AVE
Drug Offenses,2020-01-15,2117 LARIMER ST
Criminal Mischief-Property,2016-03-29,4800 N NOME ST
All Other Crimes,2018-01-18,1736 N DOWNING ST
Weapons Offense,2020-01-14,3955 N ONEIDA ST
Larceny,2016-05-21,4707 N LIPAN ST
Burglary,2015-03-28,543 N BRYANT ST
All Other Crimes,2016-05-01,4641 N CLAYTON ST
Weapons Offense,2015-10-11,4750 N EAGLE ST
Larceny,2018-01-09,1350 S SHERIDAN BLVD
Larceny,2015-06-26,1233 W ALAMEDA AVE
Burglary,2015-01-27,2940 N NIAGARA ST
Larceny,2015-08-24,2645 S SANTA FE DR
All Other Crimes,2018-02-27,5141 N FRANKLIN ST
Burglary,2016-03-29,4012 W 38TH AVE
Auto Theft,2015-12-05,N TAMARAC ST / E COLFAX AVE
Burglary,2016-01-26,4801 W COLFAX AVE
Larceny,2016-09-23,1178 S KALAMATH ST
Burglary,2016-09-12,4935 N YORK ST
Simple Assault,2018-02-16,105 E 7TH AVE
Larceny,2019-01-02,2748 W ALAMEDA AVE
Theft from Motor Vehicle,2015-06-11,2500 BLOCK CALIFORNIA ST
Burglary,2016-12-17,3819 N QUENTIN ST
Burglary,2019-01-07,1075 S FOX ST
Burglary,2016-02-18,1640 E EVANS AVE
Burglary,2015-09-27,2645 S SANTA FE DR
Burglary,2016-04-06,6359 E EVANS AVE
Burglary,2018-03-19,3435 S YOSEMITE ST
Burglary,2015-02-14,800 PARK AVE
Burglary,2018-05-08,5109 W ALAMEDA AVE
Burglary,2015-04-07,5110 N RACE ST
Burglary,2018-03-08,4414 N VINE ST
Burglary,2017-01-03,2020 S BROADWAY ST
Larceny,2015-05-17,2020 S BROADWAY ST
Larceny,2020-01-27,2268 S DELAWARE ST
Burglary,2015-12-22,735 W BAYAUD AVE
Drug Offenses,2016-06-03,6359 E EVANS AVE
Burglary,2015-02-06,2301 7TH ST
Agg ASLT-Firearm,2016-10-09,2830 N HIGH ST
Burglary,2015-01-08,11101 E 51ST AVE
Larceny,2015-11-27,330 N FEDERAL BLVD
Burglary,2016-08-04,2255 S KALAMATH ST
Larceny,2016-12-21,432 S BROADWAY ST
Larceny,2016-02-11,1755 S BROADWAY ST
Burglary,2018-03-03,2383 S DOWNING ST
Larceny,2019-01-23,1126 S SHERIDAN BLVD
Burglary,2016-06-15,1955 S QUINCE ST
Larceny,2018-02-03,1500 BLOCK STOUT ST
Larceny,2015-02-19,5141 N FRANKLIN ST
Burglary,2017-10-16,6359 E EVANS AVE
Larceny,2018-03-16,5077 N COLORADO BLVD
Criminal Mischief-Property,2015-11-13,1498 N IVANHOE ST
Burglary,2018-02-21,4430 N GARFIELD ST
Burglary,2019-02-18,2145 W EVANS AVE
Robbery-Business,2015-03-21,3801 E 40TH AVE
Larceny,2017-08-09,10700 E DARTMOUTH AVE
All Other Crimes,2018-03-18,4690 N BRIGHTON BLVD
Burglary,2016-04-15,6666 E STAPLETON S DR
Burglary,2018-02-03,4305 N BRIGHTON BLVD
Robbery-Street-Res,2015-06-30,E 37TH AVE / N FRANKLIN ST
Larceny,2015-07-31,4975 N VASQUEZ BLVD
Burglary,2015-09-08,2020 S BROADWAY ST
Criminal Mischief-Property,2015-12-11,1331 19TH ST
Burglary,2016-09-26,7289 E HAMPDEN AVE
Theft from Motor Vehicle,2016-08-01,3481 S FENTON ST
Larceny,2017-01-19,54 N LIPAN ST
Burglary,2016-04-21,4500 N WASHINGTON ST
Burglary,2015-12-26,4550 S KIPLING ST
Burglary,2018-03-22,4401 E 46TH AVE
Burglary,2015-02-23,800 PARK AVEW
Larceny,2015-04-23,1126 S SHERIDAN BLVD
Robbery-Street-Res,2016-05-24,12525 E ALBROOK DR
Robbery-Street-Res,2015-08-15,16TH ST / BLAKE ST
Burglary,2018-02-02,1920 S CHEROKEE ST
Burglary,2018-02-14,3495 S KNOX CT
Criminal Mischief-Graffiti,2019-02-18,6625 LEETSDALE DR
Burglary,2018-02-28,4640 N IRONTON ST
Burglary,2018-02-20,1885 W DARTMOUTH AVE
All Other Crimes,2015-03-28,1617 W 12TH AVE
Burglary,2018-03-06,4414 N VINE ST
Burglary,2018-03-01,3435 S YOSEMITE ST
Burglary,2016-11-20,4359 N CLAUDE CT
Burglary,2018-02-19,8151 E COLFAX AVE
Robbery-Street-Res,2018-02-14,21531 E 46TH AVE
Burglary,2016-07-30,1346 W CEDAR AVE
Burglary,2015-03-30,80 S PENNSYLVANIA ST
Agg ASLT-Firearm,2015-10-14,746 S WOLFF ST
Drug Offenses,2015-09-26,20 E 9TH AVE
Robbery-Street-Res,2015-09-07,4255 N KITTREDGE ST
Burglary,2015-10-24,4550 S KIPLING ST
Burglary,2016-06-13,1341 S HUMBOLDT ST
Simple Assault,2018-03-18,4690 N BRIGHTON BLVD
Burglary,2018-05-03,1568 S FEDERAL BLVD
Criminal Mischief-Vehicle,2019-02-10,1308 S JASON ST
Burglary,2016-08-30,330 S DAYTON ST
Burglary,2015-01-13,742 N RALEIGH ST
Burglary,2015-08-14,1240 S BANNOCK ST
Burglary,2016-08-18,4975 N VASQUEZ BLVD
Robbery-Street-Res,2015-03-22,3030 S FEDERAL BLVD
Burglary,2015-11-11,80 S PENNSYLVANIA ST
Burglary,2016-01-16,777 N CANOSA CT
Larceny,2015-10-06,1332 S CHEROKEE ST
All Other Crimes,2015-08-03,1201 20TH ST
Burglary,2016-12-18,1055 S FOX ST
Burglary,2015-04-27,20731 E 48TH PL
Burglary,2018-02-26,2420 S COLORADO BLVD
Burglary,2015-09-30,3900 E 48TH AVE
Burglary,2016-12-11,505 W 40TH AVE
Burglary,2016-02-12,2193 W EVANS AVE
Burglary,2016-06-27,2420 S COLORADO BLVD
Burglary,2015-11-14,2675 W 38TH AVE
Drug Offenses,2018-04-04,1319 S CANOSA CT
All Other Crimes,2019-01-10,970 N LINCOLN ST
Drug Offenses,2018-05-03,1201 20TH ST
Burglary,2018-03-25,3819 N QUENTIN ST
Simple Assault,2018-05-03,1201 20TH ST
All Other Crimes,2018-03-18,4690 N BRIGHTON BLVD
Robbery-Street-Res,2015-07-13,E ELK PL / N CRYSTAL ST
All Other Crimes,2018-02-23,4012 W 38TH AVE
Criminal Mischief-Property,2018-04-22,82 S FEDERAL BLVD
Burglary,2016-12-26,1810 S BROADWAY ST
Burglary,2016-01-14,1127 S ELIZABETH ST
Weapons Offense,2019-01-30,445 N FEDERAL BLVD
Larceny,2018-02-23,4300 N FOREST ST
All Other Crimes,2015-10-08,432 S BROADWAY ST
Criminal Mischief-Property,2018-03-25,3925 N ONEIDA ST
Burglary,2018-05-03,5109 W ALAMEDA AVE
Larceny,2018-04-09,879 N FEDERAL BLVD
Burglary,2016-03-29,1406 W 38TH AVE
Criminal Mischief-Property,2015-07-23,3980 N FRANKLIN ST
Burglary,2016-03-30,5140 N CLARKSON ST
Burglary,2015-11-04,2645 S SANTA FE DR
Burglary,2016-07-04,3880 N HOLLY ST
Burglary,2016-02-05,2394 S BROADWAY ST
Burglary,2016-02-16,983 S VINE ST
Agg ASLT-Firearm,2019-02-09,1350 S SHERIDAN BLVD
Robbery-Street-Res,2018-03-25,1565 CALIFORNIA ST
Robbery-Business,2018-04-16,4501 N ADAMS ST
Robbery-Street-Res,2015-09-06,W CEDAR AVE / S RALEIGH ST
Robbery-Street-Res,2018-06-06,2222 LAWRENCE ST
Criminal Mischief-Property,2016-05-31,1173 S BANNOCK ST
Larceny,2018-04-19,4125 N ELATI ST
Larceny,2018-04-10,3954 N WILLIAMS ST
Burglary,2019-03-18,4975 N VASQUEZ BLVD
Burglary,2016-08-10,3925 N ONEIDA ST
Burglary,2018-05-27,2568 S BROADWAY ST
Criminal Mischief-Graffiti,2019-02-21,70 N BROADWAY ST
Burglary,2016-08-02,2042 S BANNOCK ST
Robbery-Street-Res,2016-07-02,550 N ALTON WAY
Larceny,2018-05-02,1500 E COLFAX AVE
Larceny,2018-04-17,4095 N JACKSON ST
Burglary,2018-04-03,2383 S DOWNING ST
Burglary,2016-12-13,1135 S JASON ST
Theft from Motor Vehicle,2015-06-09,2568 S BROADWAY ST
Burglary,2018-04-18,11100 E 51ST AVE
Burglary,2016-10-17,5000 E 41ST AVE
Burglary,2016-07-28,1075 S JASON ST
Criminal Mischief-Property,2018-04-29,2777 S COLORADO BLVD
Criminal Mischief-Property,2016-09-25,1568 S FEDERAL BLVD
Burglary,2015-08-17,1995 N QUINCE ST
Burglary,2015-10-31,884 S IVY ST
Burglary,2015-12-14,3930 BLAKE ST
Larceny,2018-04-12,745 E 6TH AVE
Criminal Mischief-Property,2016-10-05,1454 N SYRACUSE ST
Theft from Motor Vehicle,2019-02-25,1126 S SHERIDAN BLVD
Burglary,2016-10-02,1115 S BANNOCK ST
Burglary,2015-11-22,2001 S PLATTE RIVER DR
Drug Offenses,2016-09-21,2675 W 38TH AVE
Burglary,2016-08-19,1100 N YUMA CT
Larceny,2018-04-29,2042 ARAPAHOE ST
Larceny,2016-10-09,324 S LEYDEN ST
Larceny,2019-02-25,120 S KALAMATH ST
Drug Offenses,2019-03-26,1930 E 40TH AVE
Drug Offenses,2015-05-26,1250 5TH ST
Simple Assault,2015-05-26,1250 5TH ST
Robbery-Street-Res,2015-09-21,1550 N BROADWAY ST
Burglary,2015-03-27,1101 S BANNOCK ST
Burglary,2016-02-16,183 W ALAMEDA AVE
Burglary,2016-03-08,816 S UMATILLA WAY
Burglary,2018-08-01,1911 S BROADWAY ST
Burglary,2016-09-06,5231 N MONROE ST
Criminal Mischief-Graffiti,2019-02-25,665 N KALAMATH ST
All Other Crimes,2019-02-28,1930 E 40TH AVE
Burglary,2018-04-24,2645 S SANTA FE DR
Larceny,2018-04-03,403 16TH ST
Burglary,2015-09-05,970 N LINCOLN ST
Burglary,2018-04-20,4125 N ELATI ST
Drug Offenses,2015-09-30,105 E 7TH AVE
Burglary,2016-03-18,2420 S COLORADO BLVD
Burglary,2015-08-29,3814 WALNUT ST
Robbery-Street-Res,2016-08-05,2101 15TH ST
Burglary,2018-07-19,10625 E 51ST AVE
Drug Offenses,2015-05-22,3995 E 50TH AVE
Criminal Mischief-Property,2018-04-24,2645 S SANTA FE DR
Robbery-Street-Res,2019-02-28,4801 W COLFAX AVE
Criminal Mischief-Graffiti,2019-03-25,4825 N OAKLAND ST
Burglary,2015-02-09,1994 S CHEROKEE ST
All Other Crimes,2019-03-07,1941 W EVANS AVE
Burglary,2018-05-12,3450 N BRIGHTON BLVD
Burglary,2018-05-27,260 N BROADWAY ST
Simple Assault,2018-05-30,2028 E COLFAX AVE
Burglary,2016-05-19,1810 S BROADWAY ST
Burglary,2019-04-16,755 S FEDERAL BLVD
Burglary,2015-09-07,5231 N MONROE ST
Drug Offenses,2018-05-30,5550 N MALTA ST
Robbery-Street-Res,2016-06-16,1550 N BROADWAY ST
All Other Crimes,2019-03-24,1930 E 40TH AVE
Burglary,2015-05-10,3995 E 50TH AVE
Auto Theft,2018-05-31,658 N KALAMATH ST
Burglary,2018-06-09,7800 E 26TH AVE
Burglary,2016-06-02,2001 S BROADWAY ST
Burglary,2015-12-31,4125 N ELATI ST
Burglary,2016-05-17,985 S LOGAN ST
Burglary,2015-01-26,4615 E COLFAX AVE
Burglary,2015-07-18,1240 S BANNOCK ST
Burglary,2015-09-12,3642 N HIGH ST
Burglary,2019-03-07,5475 N PEORIA ST
Larceny,2018-05-14,2645 S SANTA FE DR
Larceny,2019-03-23,2949 W ALAMEDA AVE
Burglary,2016-01-17,2426 S FEDERAL BLVD
Burglary,2015-06-24,5110 N RACE ST
Larceny,2018-05-19,3480 S GALENA ST
All Other Crimes,2016-04-06,2028 E COLFAX AVE
Burglary,2015-03-26,734 N SHERIDAN BLVD
Burglary,2015-05-04,2193 W EVANS AVE
Burglary,2016-08-24,990 W 6TH AVE
Criminal Mischief-Property,2016-08-15,2777 S COLORADO BLVD
Burglary,2018-06-11,1235 S HURON ST
Robbery-Business,2015-06-05,5101 E COLFAX AVE
Burglary,2015-11-21,2675 W 38TH AVE
Burglary,2018-05-27,1403 S CHEROKEE ST
Drug Offenses,2018-04-03,1676 N TAMARAC ST
Burglary,2016-08-10,4773 N FOX ST
Larceny,2016-04-17,5227 N MONROE ST
Larceny,2018-05-22,1568 S FEDERAL BLVD
All Other Crimes,2019-03-05,1500 E COLFAX AVE
Larceny,2015-09-21,2361 S WOLFF ST
Burglary,2016-07-10,1255 W VIRGINIA AVE
Burglary,2016-01-05,777 N CANOSA CT
Burglary,2018-06-09,4840 N JACKSON ST
Burglary,2016-12-17,4 S SANTA FE DR
Burglary,2016-08-05,4773 N FOX ST
Agg ASLT-Other,2016-05-11,1550 N BROADWAY ST
Burglary,2015-06-10,3954 N WILLIAMS ST
Theft from Motor Vehicle,2018-07-25,1660 N PEARL ST
Criminal Mischief-Property,2015-12-23,695 N BRYANT ST
Robbery-Street-Res,2015-10-21,1224 S MARIPOSA ST
Burglary,2016-03-05,777 N CANOSA CT
Burglary,2015-07-13,777 N CANOSA CT
Larceny,2018-09-21,11975 E 40TH AVE
Robbery-Street-Res,2016-03-31,1350 N XENIA ST
Burglary,2016-11-17,2675 S SANTA FE DR
Auto Theft,2019-04-04,5141 N FRANKLIN ST
Burglary,2018-08-17,7870 W QUINCY AVE
Robbery-Street-Res,2015-08-17,E 16TH AVE / N PEARL ST
Burglary,2015-05-02,1115 S BANNOCK ST
Burglary,2019-03-18,1136 N YUMA CT
Burglary,2015-12-02,3814 WALNUT ST
Burglary,2016-09-08,505 N BRYANT ST
Burglary,2018-07-09,260 N SANTA FE DR
Burglary,2015-09-06,762 N KALAMATH ST
Burglary,2019-03-29,330 N FEDERAL BLVD
Burglary,2016-07-18,4935 N YORK ST
Larceny,2016-09-22,1798 W MISSISSIPPI AVE
Burglary,2016-08-03,4690 N BRIGHTON BLVD
Burglary,2018-07-13,3995 E 50TH AVE
Burglary,2015-02-09,970 S ONEIDA ST
Robbery-Street-Res,2016-09-14,E 1ST AVE / N BROADWAY ST
Burglary,2018-09-12,4080 N GLOBEVILLE RD
Criminal Mischief-Property,2019-04-03,4228 N YORK ST
Larceny,2018-08-09,1155 S CHEROKEE ST
Burglary,2015-09-06,5109 W ALAMEDA AVE
Burglary,2018-06-10,1136 N YUMA CT
Burglary,2016-06-02,734 N SHERIDAN BLVD
Burglary,2016-08-04,2191 S JASON ST
Burglary,2018-07-09,120 S KALAMATH ST
Burglary,2015-08-13,1205 W EVANS AVE
Theft from Motor Vehicle,2019-03-05,5201 W 48TH AVE
Burglary,2015-01-27,835 E 50TH AVE
Burglary,2016-06-14,445 N FEDERAL BLVD
Burglary,2018-05-18,5109 W ALAMEDA AVE
Larceny,2018-05-17,1755 S BROADWAY ST
Burglary,2015-04-14,3937 N MARIPOSA ST
Burglary,2018-06-03,735 W BAYAUD AVE
All Other Crimes,2016-04-07,970 S ONEIDA ST
Robbery-Street-Res,2016-01-05,2617 W EVANS AVE
Burglary,2018-05-27,2020 S BROADWAY ST
Larceny,2015-07-25,4620 N PEORIA ST
All Other Crimes,2019-04-16,4414 N VINE ST
Burglary,2015-07-22,4990 N HOOKER ST
Agg ASLT-Other,2019-03-18,1736 N DOWNING ST
Burglary,2016-11-26,4750 N NOME ST
Larceny,2015-06-25,3170 W 14TH AVE
Robbery-Street-Res,2018-07-03,W 38TH AVE / N WINONA CT
Burglary,2018-09-04,1126 S SHERIDAN BLVD
Auto Theft,2019-03-31,4620 N PEORIA ST
Robbery-Street-Res,2016-07-25,3996 E EVANS AVE
Burglary,2015-08-16,1798 W MISSISSIPPI AVE
Burglary,2018-08-01,2243 N FEDERAL BLVD
Burglary,2019-04-03,4615 E COLFAX AVE
Burglary,2018-08-31,6858 E EVANS AVE
Larceny,2016-04-25,225 N MARIPOSA ST
Burglary,2018-06-10,1136 N YUMA CT
Burglary,2018-07-26,1568 S FEDERAL BLVD
Robbery-Street-Res,2015-06-26,4124 N SHERIDAN BLVD
All Other Crimes,2019-04-03,4228 N YORK ST
Burglary,2016-10-05,3845 N HIGH ST
Burglary,2016-11-23,4400 E EVANS AVE
Burglary,2016-03-31,1270 W CEDAR AVE
Larceny,2016-06-10,4495 N WASHINGTON ST
Burglary,2016-07-15,2323 S LIPAN ST
Burglary,2018-08-17,1568 S BROADWAY ST
Larceny,2016-06-02,3955 N ONEIDA ST
Weapons Offense,2018-09-22,4410 N WASHINGTON ST
Criminal Mischief-Property,2018-09-03,4935 N YORK ST
Burglary,2019-04-05,695 N BRYANT ST
All Other Crimes,2019-05-29,225 N MARIPOSA ST
Burglary,2016-11-15,2675 S SANTA FE DR
Robbery-Street-Res,2015-11-19,3050 W 49TH AVE
Robbery-Street-Res,2018-06-17,4708 N WASHINGTON ST
Auto Theft,2018-11-21,4394 N GRAPE ST
Drug Offenses,2016-03-04,5155 E 46TH AVE
Burglary,2016-06-11,688 N BRYANT ST
Criminal Mischief-Property,2018-06-19,701 W MISSISSIPPI AVE
Larceny,2019-04-29,8151 E COLFAX AVE
Robbery-Street-Res,2016-09-19,5569 N JERICHO CT
Robbery-Business,2015-04-22,3944 N HIGH ST
Burglary,2016-08-14,155 S PECOS ST
Robbery-Business,2015-09-20,3100 BLAKE ST
Simple Assault,2015-12-16,3955 N STEELE ST
Burglary,2016-08-08,2895 W 8TH AVE
Burglary,2018-11-20,6858 E EVANS AVE
Larceny,2015-03-23,1500 E COLFAX AVE
All Other Crimes,2019-04-22,403 16TH ST
Larceny,2019-04-29,330 E COLFAX AVE
Burglary,2018-11-20,3480 PARK AVEW
Robbery-Street-Res,2018-06-28,978 S PERRY ST
Burglary,2018-06-26,5109 W ALAMEDA AVE
Larceny,2015-07-23,1620 MARKET ST
Burglary,2018-11-01,5475 N PEORIA ST
Criminal Mischief-Property,2018-10-15,1196 S BANNOCK ST
Burglary,2016-07-18,219 N VALLEJO ST
Auto Theft,2019-04-07,8151 E COLFAX AVE
Criminal Mischief-Property,2015-08-09,1755 S BROADWAY ST
Burglary,2015-04-14,1332 S CHEROKEE ST
Burglary,2016-02-14,2330 N BROADWAY ST
All Other Crimes,2019-05-03,260 N BROADWAY ST
Criminal Mischief-Property,2016-05-28,7741 E COLFAX AVE
Burglary,2018-08-17,3555 S YOSEMITE ST
Burglary,2016-08-10,2777 S COLORADO BLVD
Burglary,2018-09-27,4820 MORRISON RD
Burglary,2015-03-03,1031 W CENTER AVE
Simple Assault,2018-10-13,N DAHLIA ST / E 33RD AVE
Robbery-Street-Res,2016-09-19,800 BLOCK S MONACO ST
Drug Offenses,2018-06-14,1499 N BROADWAY ST
Agg ASLT-Other,2018-06-28,2042 ARAPAHOE ST
Agg ASLT-Firearm,2019-03-29,W EVANS AVE / S TEJON ST
All Other Crimes,2018-11-19,4500 N JASON ST
Burglary,2018-06-27,330 S DAYTON ST
Larceny,2018-10-04,879 N FEDERAL BLVD
Burglary,2018-11-01,3855 N QUENTIN ST
Simple Assault,2018-11-21,4975 N VASQUEZ BLVD
Burglary,2018-11-20,4900 N COLORADO BLVD
Burglary,2018-11-20,399 S HARRISON ST
Burglary,2019-05-16,2645 S SANTA FE DR
Burglary,2016-09-05,1626 S SHERIDAN BLVD
Drug Offenses,2015-02-20,1233 W ALAMEDA AVE
Burglary,2018-11-20,4773 N FOX ST
Theft from Motor Vehicle,2018-09-28,5077 N COLORADO BLVD
Burglary,2016-09-29,4495 N WASHINGTON ST
Burglary,2019-05-29,5000 E 41ST AVE
Criminal Mischief-Property,2019-05-29,3814 WALNUT ST
Robbery-Business,2016-09-03,3887 N STEELE ST
Drug Offenses,2018-06-17,4708 N WASHINGTON ST
Burglary,2019-08-31,2042 S BANNOCK ST
Burglary,2019-08-09,4902 E SMITH RD
Larceny,2019-08-17,6853 LEETSDALE DR
All Other Crimes,2019-09-24,2119 LARIMER ST
Burglary,2019-10-21,2120 S BIRCH ST
Burglary,2015-11-15,6359 E EVANS AVE
All Other Crimes,2018-06-17,4708 N WASHINGTON ST
Burglary,2018-06-25,2675 W 38TH AVE
Larceny,2019-10-07,1941 W EVANS AVE
Burglary,2019-08-20,4655 E 46TH AVE
Burglary,2019-08-31,1126 S SHERIDAN BLVD
Burglary,2019-08-18,875 N NAVAJO ST
Larceny,2019-08-18,4801 W COLFAX AVE
Larceny,2019-08-08,4935 N YORK ST
Robbery-Street-Res,2018-09-16,1601 CHESTNUT PL
Burglary,2019-10-26,1100 S KALAMATH ST
Burglary,2019-07-17,777 N UMATILLA ST
Burglary,2016-07-04,1100 N YUMA CT
Criminal Mischief-Property,2019-07-12,445 N FEDERAL BLVD
Burglary,2018-09-14,3930 BLAKE ST
Burglary,2018-09-04,2645 S SANTA FE DR
Burglary,2019-08-09,2211 S JASON ST
Burglary,2016-11-16,2175 S HIGH ST
Theft from Motor Vehicle,2018-08-08,6767 E 39TH AVE
Burglary,2019-07-14,2211 S JASON ST
Criminal Mischief-Property,2018-06-25,7380 E COLFAX AVE
Burglary,2018-07-01,4305 N BRIGHTON BLVD
Simple Assault,2019-08-20,74 N FEDERAL BLVD
Burglary,2016-06-19,1100 N YUMA CT
Agg ASLT-Other,2019-11-21,1130 PARK AVEW
Burglary,2019-09-18,4615 E COLFAX AVE
Auto Theft,2019-07-10,970 S ONEIDA ST
Burglary,2018-09-18,183 W ALAMEDA AVE
Burglary,2016-08-16,1075 S JASON ST
Burglary,2016-08-25,1995 S BROADWAY ST
Burglary,2018-07-09,2601 W ALAMEDA AVE
Burglary,2017-04-29,2035 N PERRY ST
Criminal Mischief-Property,2016-05-30,3435 S YOSEMITE ST
Larceny,2016-07-19,4765 N FEDERAL BLVD
Burglary,2016-01-29,1861 S JACKSON ST
Burglary,2016-04-20,1015 W EVANS AVE
Criminal Mischief-Property,2017-07-18,2806 S LAMAR ST
Burglary,2016-10-08,1885 W DARTMOUTH AVE
Burglary,2017-03-12,2394 S BROADWAY ST
Burglary,2016-02-06,260 N BROADWAY ST
Burglary,2016-08-08,970 S ONEIDA ST
Burglary,2017-07-17,130 N LIPAN ST
Burglary,2016-08-08,4305 N BRIGHTON BLVD
Theft from Motor Vehicle,2016-08-07,24200 E 78TH AVE
Robbery-Street-Res,2016-03-05,3215 W AVONDALE DR
Burglary,2016-01-10,318 N GROVE ST
Larceny,2017-03-12,2900 BLOCK LARIMER ST
Simple Assault,2017-05-02,E 17TH AVE / N GRANT ST
Larceny,2017-05-09,2190 S JASON ST
Robbery-Street-Res,2017-05-01,1080 N SHERIDAN BLVD
Larceny,2016-05-13,5077 N COLORADO BLVD
Burglary,2016-08-09,755 S FEDERAL BLVD
Criminal Mischief-Property,2017-01-12,4125 N ELATI ST
Burglary,2017-01-12,1770 S ACOMA ST
Burglary,2017-06-28,3995 E 50TH AVE
Burglary,2017-07-22,2426 S FEDERAL BLVD
Burglary,2017-07-22,468 S FEDERAL BLVD
Burglary,2017-02-07,183 W ALAMEDA AVE
Larceny,2017-02-07,120 S KALAMATH ST
Larceny,2017-06-27,900 S BROADWAY ST
Burglary,2016-09-17,399 S HARRISON ST
Burglary,2017-08-13,2440 W EVANS AVE
Robbery-Business,2017-08-14,5130 E COLFAX AVE
All Other Crimes,2017-03-15,1555 CHAMPA ST
Larceny,2016-02-09,2001 S BROADWAY ST
Simple Assault,2015-12-03,E ARIZONA AVE / S BIRCH ST
Larceny,2015-12-11,1331 19TH ST
All Other Crimes,2015-12-11,1331 19TH ST
Burglary,2017-03-22,1865 S ACOMA ST
Simple Assault,2017-04-03,1500 BLOCK COURT PL
Burglary,2016-02-27,2121 E 44TH AVE
Theft from Motor Vehicle,2016-01-14,2601 N ZUNI ST
Robbery-Street-Res,2016-04-21,3900 N ELATI ST
Burglary,2015-11-27,7739 E COLFAX AVE
Burglary,2017-08-11,20 E 9TH AVE
Robbery-Street-Res,2017-04-23,4660 N PEORIA ST
All Other Crimes,2017-03-07,1011 W 45TH AVE
Burglary,2016-11-17,2071 S DOWNING ST
Burglary,2017-08-19,5201 W 48TH AVE
Burglary,2017-08-18,4980 N JACKSON ST
Burglary,2017-02-28,2707 W 38TH AVE
Burglary,2017-03-06,2207 N HOOKER ST
Burglary,2017-04-22,3435 S YOSEMITE ST
Burglary,2016-02-07,3060 N CLAYTON ST
Burglary,2016-11-21,2001 S BROADWAY ST
Burglary,2017-08-19,2647 S LOWELL BLVD
Burglary,2017-08-09,4400 N GRAPE ST
Burglary,2015-11-16,2008 N FEDERAL BLVD
Burglary,2016-08-25,2251 S BROADWAY ST
Burglary,2017-08-01,420 N UTICA ST
Burglary,2015-11-14,4095 N JACKSON ST
Burglary,2015-11-05,1005 N FEDERAL BLVD
Burglary,2016-03-12,4209 N DELAWARE ST
Agg ASLT-Other,2017-07-25,1800 BLOCK E COLFAX AVE
Burglary,2016-10-23,1133 N BANNOCK ST
All Other Crimes,2015-12-30,3450 N BRIGHTON BLVD
Larceny,2015-02-10,330 N FEDERAL BLVD
Robbery-Street-Res,2015-11-20,4620 N PEORIA ST
All Other Crimes,2017-08-21,1174 S CHEROKEE ST
Burglary,2016-07-01,1810 S BROADWAY ST
Burglary,2016-07-01,3835 N ELM ST
Burglary,2017-02-09,432 S BROADWAY ST
Burglary,2016-02-24,6853 LEETSDALE DR
Burglary,2017-03-13,82 S FEDERAL BLVD
Burglary,2016-05-01,4641 N CLAYTON ST
Burglary,2016-06-03,1941 W EVANS AVE
Burglary,2016-06-03,4095 N JACKSON ST
Burglary,2016-07-10,1397 S CHEROKEE ST
Burglary,2017-03-17,1178 S KALAMATH ST
Burglary,2016-02-23,3450 N BRIGHTON BLVD
Burglary,2017-04-25,2251 S BROADWAY ST
Burglary,2017-04-14,1045 N DOWNING ST
Drug Offenses,2015-02-20,4620 N PEORIA ST
Criminal Mischief-Property,2017-03-13,10555 E 45TH AVE
Burglary,2016-07-01,6853 LEETSDALE DR
Burglary,2017-06-21,3755 N JACKSON ST
Burglary,2016-06-09,380 N QUIVAS ST
Burglary,2016-08-13,1075 S JASON ST
Burglary,2016-04-10,815 S ONEIDA ST
Burglary,2017-06-16,4 S SANTA FE DR
Burglary,2016-12-17,120 S KALAMATH ST
Larceny,2016-04-12,4495 N WASHINGTON ST
Burglary,2018-09-18,2020 S COLORADO BLVD
Burglary,2016-01-23,1451 24TH ST
Robbery-Street-Res,2019-03-29,W EVANS AVE / S TEJON ST
Simple Assault,2019-10-07,2121 S JASON ST
Burglary,2019-10-06,2895 W 8TH AVE
Theft from Motor Vehicle,2015-07-07,4572 N FREEPORT WAY
Burglary,2015-03-07,777 N UMATILLA ST
Burglary,2019-05-16,399 S HARRISON ST
Burglary,2019-05-16,135 S BROADWAY ST
Burglary,2019-08-16,4105 N JASON ST
Agg ASLT-Other,2018-06-19,445 N FEDERAL BLVD
Burglary,2016-04-16,432 S BROADWAY ST
Burglary,2019-07-17,1911 S BROADWAY ST
Burglary,2018-09-27,2001 S BROADWAY ST
Burglary,2018-09-26,399 S HARRISON ST
Burglary,2018-09-27,399 S HARRISON ST
Burglary,2018-06-26,330 S DAYTON ST
Agg ASLT-Other,2015-08-07,6302 E COLFAX AVE
Larceny,2016-09-27,577 S JASON ST
Burglary,2019-07-25,505 W 40TH AVE
Burglary,2019-09-26,3814 WALNUT ST
Burglary,2019-09-26,4902 E SMITH RD
Larceny,2019-09-15,3937 W COLFAX AVE
Larceny,2019-04-05,11101 E 51ST AVE
Burglary,2019-08-15,3900 E 48TH AVE
Burglary,2019-09-27,5201 W 48TH AVE
Burglary,2016-11-29,1100 S KALAMATH ST
Robbery-Street-Res,2015-05-17,1700 BLOCK E MLK BLVD
Simple Assault,2019-09-17,3835 N ELM ST
Criminal Mischief-Property,2018-08-01,7380 E COLFAX AVE
Auto Theft,2019-06-17,260 N BROADWAY ST
Auto Theft,2018-09-04,4785 N ELATI ST
Burglary,2019-08-31,4750 N NOME ST
Drug Offenses,2019-07-25,4359 N CLAUDE CT
Burglary,2018-09-27,2070 S HURON ST
Burglary,2019-07-17,777 N CANOSA CT
Burglary,2015-03-04,1191 S BANNOCK ST
Criminal Mischief-Property,2018-08-31,2000 S DAHLIA ST
Burglary,2019-05-25,4655 E 46TH AVE
Larceny,2019-10-02,1620 MARKET ST
Burglary,2019-05-23,3814 WALNUT ST
Burglary,2019-09-11,399 S HARRISON ST
Criminal Mischief-Property,2018-09-13,74 N FEDERAL BLVD
Burglary,2019-09-12,82 S FEDERAL BLVD
Burglary,2019-07-05,11080 E 47TH AVE
Burglary,2019-08-19,5077 N COLORADO BLVD
All Other Crimes,2019-07-15,2949 W ALAMEDA AVE
Burglary,2018-09-18,2390 S BROADWAY ST
Burglary,2019-05-24,3814 WALNUT ST
Burglary,2019-05-14,4837 N WASHINGTON ST
Weapons Offense,2019-07-25,4401 E 46TH AVE
Burglary,2019-05-10,1736 N DOWNING ST
Burglary,2019-07-24,4750 N NOME ST
Robbery-Street-Res,2019-08-19,5540 N BLACKHAWK WAY
All Other Crimes,2019-07-18,830 N WYANDOT ST
Burglary,2015-03-12,2427 S ST PAUL ST
Burglary,2019-07-08,2215 E MISSISSIPPI AVE
Burglary,2019-08-14,5110 N RACE ST
Burglary,2019-08-14,5885 E EVANS AVE
Larceny,2018-08-31,1350 S SHERIDAN BLVD
Theft from Motor Vehicle,2018-09-04,577 S JASON ST
All Other Crimes,2019-05-14,1736 N DOWNING ST
Burglary,2019-08-03,2675 S SANTA FE DR
Burglary,2019-08-03,4902 E SMITH RD
Burglary,2019-06-20,777 N UMATILLA ST
Burglary,2015-01-07,501 W 40TH AVE
Burglary,2019-08-19,1325 S INCA ST
All Other Crimes,2019-10-23,1301 S CHEROKEE ST
Burglary,2019-07-08,5885 E EVANS AVE
Burglary,2019-06-07,1798 W MISSISSIPPI AVE
Burglary,2019-05-16,4400 N GRAPE ST
Burglary,2019-07-08,3801 N JASON ST
Larceny,2019-05-16,3460 W 32ND AVE
Burglary,2019-05-14,6666 E STAPLETON S DR
Burglary,2019-07-08,3995 E 50TH AVE
Burglary,2019-09-10,7870 W QUINCY AVE
Drug Offenses,2019-07-15,2949 W ALAMEDA AVE
Burglary,2019-09-01,11975 E 40TH AVE
Criminal Mischief-Property,2019-09-01,5130 E COLFAX AVE
Burglary,2019-08-09,1617 W 12TH AVE
Larceny,2019-10-31,4986 MORRISON RD
Burglary,2019-08-09,4750 N NOME ST
Larceny,2018-12-03,1500 E COLFAX AVE
Larceny,2019-08-30,1233 W ALAMEDA AVE
Robbery-Street-Res,2019-04-11,1885 S QUEBEC WAY
Burglary,2019-07-25,120 S KALAMATH ST
Burglary,2019-07-25,4401 E 46TH AVE
Theft from Motor Vehicle,2019-10-31,3700 BLOCK N PERRY ST
Theft from Motor Vehicle,2019-06-19,4902 E SMITH RD
Burglary,2019-07-02,1178 S KALAMATH ST
Criminal Mischief-Property,2019-05-18,688 N BRYANT ST
Burglary,2019-07-25,1355 N SANTA FE DR
Criminal Mischief-Property,2019-09-03,4935 N YORK ST
Burglary,2019-09-03,2601 W ALAMEDA AVE
Burglary,2019-09-03,3955 N ONEIDA ST
Burglary,2019-09-02,3900 E 48TH AVE
Burglary,2019-08-19,3857 N ELM ST
Burglary,2015-02-27,777 N UMATILLA ST
Burglary,2019-07-02,2001 S BROADWAY ST
Burglary,2019-07-02,120 S KALAMATH ST
Burglary,2015-06-18,3954 N WILLIAMS ST
Agg ASLT-Firearm,2015-01-06,8100 E COLFAX AVE
All Other Crimes,2015-04-05,432 S BROADWAY ST
Burglary,2019-09-10,4935 N YORK ST
Criminal Mischief-Property,2015-05-31,4902 E SMITH RD
Burglary,2015-06-23,1395 S ACOMA ST
Larceny,2015-10-25,432 S BROADWAY ST
Burglary,2015-03-29,120 S KALAMATH ST
Burglary,2015-01-07,4935 N YORK ST
Robbery-Street-Res,2015-06-24,1400 BLOCK N MARIPOSA ST
Robbery-Street-Res,2015-06-27,N BROADWAY ST / W COLFAX AVE
Robbery-Street-Res,2015-05-03,E COLFAX AVE / N COOK ST
Robbery-Street-Res,2015-05-17,2800 BLOCK LARIMER ST
All Other Crimes,2015-01-18,2690 N GRAPE ST
Burglary,2015-11-24,1555 N LAFAYETTE ST
All Other Crimes,2015-05-15,4620 N PEORIA ST
Criminal Mischief-Property,2015-05-14,1355 N SANTA FE DR
Drug Offenses,2015-09-25,985 S LOGAN ST
Larceny,2015-03-02,155 N FEDERAL BLVD
Burglary,2015-01-19,3995 E 50TH AVE
Burglary,2015-05-19,1155 S CHEROKEE ST
Burglary,2015-09-24,2615 WELTON ST
Burglary,2015-05-20,3690 N ELM ST
Burglary,2019-04-23,4750 N NOME ST
All Other Crimes,2015-05-13,2609 WALNUT ST
Larceny,2015-06-29,509 W 6TH AVE
Robbery-Street-Res,2015-06-29,1133 W 8TH AVE
Auto Theft,2015-06-29,1133 W 8TH AVE
Burglary,2015-01-10,5475 N PEORIA ST
Burglary,2015-06-25,1755 S BROADWAY ST
Burglary,2019-04-24,5070 N OAKLAND ST
Simple Assault,2019-04-12,4620 N PEORIA ST
Burglary,2015-04-29,1798 W MISSISSIPPI AVE
Burglary,2015-04-29,1197 S BANNOCK ST
Burglary,2015-07-18,4335 N RACE ST
Burglary,2015-05-26,1172 W VIRGINIA AVE
Burglary,2015-01-09,2028 E COLFAX AVE
Simple Assault,2015-04-05,E 19TH AVE / N OLIVE ST
Burglary,2015-03-09,1810 S BROADWAY ST
Burglary,2015-06-21,1241 N MARION ST
Burglary,2019-09-03,1126 S SHERIDAN BLVD
Burglary,2015-01-11,5885 E EVANS AVE
Larceny,2015-05-14,219 N VALLEJO ST
Burglary,2015-07-08,6853 LEETSDALE DR
Burglary,2015-07-08,735 W BAYAUD AVE
Burglary,2019-04-11,701 W MISSISSIPPI AVE
Criminal Mischief-Property,2015-09-13,2209 W 32ND AVE
Burglary,2015-09-13,1126 S SHERIDAN BLVD
Burglary,2015-07-18,1705 N FRANKLIN ST
Burglary,2019-09-10,4550 S KIPLING ST
Burglary,2015-05-10,4802 N BRIGHTON BLVD
Criminal Mischief-Property,2019-10-23,1301 S CHEROKEE ST
Burglary,2019-10-23,525 N BRYANT ST
Burglary,2019-05-16,2042 S BANNOCK ST
Criminal Mischief-Property,2019-07-18,830 N WYANDOT ST
Larceny,2015-01-27,1112 N BROADWAY ST
Burglary,2015-06-06,6302 E COLFAX AVE
Burglary,2015-10-06,3435 S YOSEMITE ST
Burglary,2015-08-24,1818 N MARION ST
Criminal Mischief-Property,2019-08-16,5395 E 39TH AVE
Larceny,2015-05-26,1250 5TH ST
Theft from Motor Vehicle,2015-09-01,445 N FEDERAL BLVD
Burglary,2015-05-23,1255 W VIRGINIA AVE
Robbery-Street-Res,2015-07-15,W 13TH AVE / N KNOX CT
Burglary,2015-06-27,5077 N COLORADO BLVD
All Other Crimes,2016-02-18,333 W ELLSWORTH AVE
Burglary,2016-08-05,835 E 50TH AVE
Burglary,2015-12-28,4359 N CLAUDE CT
All Other Crimes,2016-03-24,7739 E COLFAX AVE
Burglary,2015-08-23,777 N UMATILLA ST
Burglary,2015-08-23,400 S LIPAN ST
Burglary,2016-07-20,505 N BRYANT ST
Theft from Motor Vehicle,2016-05-11,11100 E 51ST AVE
Agg ASLT-Firearm,2017-02-12,580 S SHERIDAN BLVD
Robbery-Street-Res,2017-03-07,2207 N HOOKER ST
Burglary,2017-07-13,260 N SANTA FE DR
Robbery-Business,2016-04-27,5055 E 38TH AVE
Burglary,2016-08-10,4501 N ADAMS ST
Simple Assault,2015-12-09,1505 S FEDERAL BLVD
Burglary,2017-05-26,970 S ONEIDA ST
Burglary,2016-05-10,1350 S SHERIDAN BLVD
Larceny,2015-11-08,1579 N FRANKLIN ST
Burglary,2015-06-21,2600 W BARBERRY PL
Agg ASLT-Firearm,2015-03-21,3801 E 40TH AVE
Burglary,2015-01-21,4550 S KIPLING ST
Burglary,2016-07-15,4935 N YORK ST
Larceny,2015-06-09,2205 19TH ST
Burglary,2017-04-17,1535 N YORK ST
Burglary,2015-01-19,3121 E COLFAX AVE
Burglary,2015-05-21,870 N NAVAJO ST
Burglary,2017-07-12,2036 N PERRY ST
Burglary,2017-03-07,2207 N HOOKER ST
Larceny,2017-05-19,1178 S KALAMATH ST
All Other Crimes,2017-05-20,830 N WYANDOT ST
Burglary,2016-08-15,2777 S COLORADO BLVD
Burglary,2015-07-18,400 S LIPAN ST
Burglary,2015-06-24,835 E 50TH AVE
All Other Crimes,2017-06-30,4910 N FOX ST
Burglary,2015-07-14,1920 S CHEROKEE ST
Burglary,2015-07-03,4228 N YORK ST
Robbery-Street-Res,2015-06-13,18TH ST / MARKET ST
Larceny,2017-02-14,4935 N YORK ST
Burglary,2016-05-24,1355 S INCA ST
All Other Crimes,2015-03-28,1617 W 12TH AVE
Burglary,2015-06-17,5140 N CLARKSON ST
Burglary,2015-05-25,5110 N RACE ST
Burglary,2015-05-28,5194 N WASHINGTON ST
Burglary,2015-09-14,54 N LIPAN ST
Burglary,2017-02-18,665 N KALAMATH ST
Burglary,2016-04-04,1660 N PEARL ST
Burglary,2017-04-18,4707 N LIPAN ST
Burglary,2016-03-20,4305 N BRIGHTON BLVD
Burglary,2017-06-15,2268 S DELAWARE ST
Larceny,2016-11-02,6359 E EVANS AVE
Burglary,2016-08-04,5010 N PARIS ST
Robbery-Street-Res,2015-02-09,256 N KING ST
Burglary,2015-01-29,432 S BROADWAY ST
Burglary,2015-09-13,5615 E MINNESOTA DR
Drug Offenses,2015-09-30,852 N BROADWAY ST
Burglary,2017-06-15,183 W ALAMEDA AVE
All Other Crimes,2015-01-27,835 E 50TH AVE
Agg ASLT-Firearm,2015-10-08,5100 W 38TH AVE
Burglary,2015-11-18,7289 E HAMPDEN AVE
Burglary,2016-09-21,5101 E COLFAX AVE
Burglary,2015-02-08,866 N NAVAJO ST
Burglary,2016-07-16,1350 S SHERIDAN BLVD
All Other Crimes,2016-06-08,909 N LAFAYETTE ST
Burglary,2016-09-29,2342 N OGDEN ST
Theft from Motor Vehicle,2016-09-29,N MARIPOSA ST / W 37TH AVE
Burglary,2015-09-06,1075 S JASON ST
Burglary,2015-07-23,3954 N WILLIAMS ST
Larceny,2017-01-04,445 N FEDERAL BLVD
Criminal Mischief-Property,2015-08-17,1355 S INCA ST
Burglary,2016-07-02,2775 S FEDERAL BLVD
Burglary,2016-07-24,445 N FEDERAL BLVD
Theft from Motor Vehicle,2015-10-02,777 N UMATILLA ST
Burglary,2015-01-26,2291 S KALAMATH ST
Burglary,2015-09-24,755 S FEDERAL BLVD
Burglary,2016-10-19,1301 N MARION ST
Burglary,2016-10-22,5110 N RACE ST
Burglary,2016-04-25,4571 N IVY ST
Burglary,2015-11-28,770 N HUDSON ST
Burglary,2016-12-04,5098 N PARIS ST
Burglary,2015-08-06,1240 S BANNOCK ST
All Other Crimes,2015-01-29,4105 N JASON ST
Robbery-Street-Res,2015-08-18,1550 N BROADWAY ST
Burglary,2019-04-18,1100 S KALAMATH ST
Burglary,2016-08-06,5702 E COLFAX AVE
Burglary,2016-03-25,3638 N MARION ST
Theft from Motor Vehicle,2015-11-20,3609 N TEJON ST
Burglary,2015-12-18,3930 BLAKE ST
Larceny,2017-02-16,3955 N ONEIDA ST
Burglary,2015-12-23,695 N BRYANT ST
All Other Crimes,2015-12-23,695 N BRYANT ST
Larceny,2016-05-19,22O S JULIAN ST
Burglary,2016-02-07,3995 E 50TH AVE
Criminal Mischief-Property,2016-09-10,2724 N CLAYTON ST
Drug Offenses,2015-11-21,1269 N ELATI ST
Criminal Mischief-Vehicle,2015-10-02,777 N UMATILLA ST
Burglary,2015-11-21,735 W BAYAUD AVE
Drug Offenses,2015-09-25,2383 S DOWNING ST
Burglary,2015-11-30,2480 W WATER AVE
All Other Crimes,2016-04-25,3121 E COLFAX AVE
All Other Crimes,2015-11-30,2008 N FEDERAL BLVD
Agg ASLT-Firearm,2016-05-30,W 29TH AVE / N HURON ST
Criminal Mischief-Property,2015-07-22,1355 S INCA ST
Burglary,2016-05-24,4400 N GRAPE ST
Burglary,2016-05-14,3835 N ELM ST
All Other Crimes,2015-11-21,2748 W ALAMEDA AVE
Drug Offenses,2016-09-21,4975 N VASQUEZ BLVD
Theft from Motor Vehicle,2015-02-12,432 S BROADWAY ST
Burglary,2015-07-23,12005 E 37TH AVE
Robbery-Street-Res,2015-08-15,363 S BROADWAY ST
Burglary,2016-06-12,1955 S QUINCE ST
Burglary,2015-09-07,1965 N QUINCE ST
Burglary,2015-08-18,4359 N CLAUDE CT
Burglary,2015-08-06,1100 N YUMA CT
Theft from Motor Vehicle,2017-07-07,468 S FEDERAL BLVD
Burglary,2016-02-29,6858 E EVANS AVE
Larceny,2017-07-09,171 N HAZEL CT
Burglary,2016-06-28,3400 S ONEIDA WAY
Burglary,2016-06-28,2895 W 8TH AVE
All Other Crimes,2016-09-20,2863 LARIMER ST
All Other Crimes,2019-04-20,2949 W ALAMEDA AVE
Burglary,2019-12-04,2863 LARIMER ST
Robbery-Business,2019-11-10,2001 S BROADWAY ST
Burglary,2018-10-29,755 S FEDERAL BLVD
Larceny,2019-07-22,2001 S BROADWAY ST
Burglary,2019-09-20,2252 S KALAMATH ST
Burglary,2019-12-20,3480 S GALENA ST
Criminal Mischief-Property,2019-11-14,4550 S KIPLING ST
All Other Crimes,2019-12-18,2020 S BROADWAY ST
Larceny,2019-09-23,330 E COLFAX AVE
Burglary,2019-09-26,3100 BLAKE ST
Burglary,2019-12-21,6359 E EVANS AVE
Burglary,2019-09-23,330 N FEDERAL BLVD
Burglary,2018-12-10,10625 E 51ST AVE
All Other Crimes,2017-12-24,2777 S COLORADO BLVD
Theft from Motor Vehicle,2019-10-19,1350 S SHERIDAN BLVD
Larceny,2019-09-20,5194 N WASHINGTON ST
Burglary,2019-08-21,5095 N COLORADO BLVD
Burglary,2019-07-08,2863 LARIMER ST
Burglary,2019-06-28,3857 N ELM ST
Burglary,2018-12-18,399 S HARRISON ST
Burglary,2019-09-17,1301 S CHEROKEE ST
Burglary,2019-06-14,1301 N MARION ST
Burglary,2019-09-12,330 N FEDERAL BLVD
Burglary,2018-12-16,5130 E COLFAX AVE
Burglary,2019-12-24,225 N MARIPOSA ST
Burglary,2019-09-13,3100 BLAKE ST
Larceny,2019-10-20,2707 W 38TH AVE
Burglary,2019-08-12,3900 E 48TH AVE
Burglary,2019-09-17,5959 E 39TH AVE
Burglary,2019-12-05,5095 N COLORADO BLVD
Burglary,2019-11-23,5051 E 41ST AVE
Burglary,2018-12-08,3954 N WILLIAMS ST
Burglary,2019-11-18,260 N BROADWAY ST
Robbery-Business,2019-12-03,399 S HARRISON ST
Burglary,2019-05-14,1130 N YUMA ST
Burglary,2018-12-11,7050 N TOWER RD
Agg ASLT-Firearm,2019-12-09,3555 S YOSEMITE ST
Larceny,2019-11-13,2440 W EVANS AVE
Burglary,2019-05-14,4401 N ZENOBIA ST
Burglary,2018-12-09,82 S FEDERAL BLVD
Larceny,2018-12-14,6853 LEETSDALE DR
Burglary,2019-11-06,4615 E COLFAX AVE
Larceny,2019-12-13,5702 E COLFAX AVE
Burglary,2019-11-25,1475 S ACOMA ST
All Other Crimes,2019-11-15,403 16TH ST
Simple Assault,2019-10-14,5155 E 46TH AVE
Burglary,2019-07-28,2268 S DELAWARE ST
Burglary,2018-12-08,3819 N QUENTIN ST
Burglary,2019-09-24,2268 S DELAWARE ST
Burglary,2019-09-23,11975 E 40TH AVE
Burglary,2018-12-11,6858 E EVANS AVE
Agg ASLT-Other,2019-09-17,3835 N ELM ST
Burglary,2019-06-28,2000 W 32ND AVE
Burglary,2018-12-18,1346 W CEDAR AVE
Simple Assault,2019-12-10,7050 N TOWER RD
Burglary,2019-06-14,399 S HARRISON ST
Agg ASLT-Other,2019-11-23,1350 S SHERIDAN BLVD
Burglary,2019-11-18,2777 S COLORADO BLVD
Robbery-Business,2019-06-02,990 W 6TH AVE
Burglary,2015-02-04,4625 E COLFAX AVE
Burglary,2019-04-22,4750 N NOME ST
Burglary,2016-11-23,1075 S FOX ST
Drug Offenses,2016-11-16,4125 N ELATI ST
Burglary,2016-10-29,4495 N WASHINGTON ST
Burglary,2016-09-28,1885 W DARTMOUTH AVE
Criminal Mischief-Property,2016-05-24,2001 S BROADWAY ST
Larceny,2016-04-30,2645 S SANTA FE DR
Burglary,2016-02-18,2070 S HURON ST
Burglary,2016-02-12,755 S FEDERAL BLVD
Criminal Mischief-Property,2017-02-02,10555 E 45TH AVE
Burglary,2016-02-16,74 N FEDERAL BLVD
Criminal Mischief-Property,2015-09-25,1075 S FOX ST
Burglary,2017-07-06,4400 N GRAPE ST
Robbery-Street-Res,2017-04-08,1160 N HOLLY ST
Burglary,2017-02-28,2209 W 32ND AVE
Burglary,2016-02-12,3100 BLAKE ST
Burglary,2017-01-27,1801 CHESTNUT PL
All Other Crimes,2017-03-06,756 N KING ST
Burglary,2016-02-21,7739 E COLFAX AVE
Burglary,2015-11-05,2555 W VASSAR AVE
Robbery-Street-Res,2017-08-10,2700 BLOCK W 38TH AVE
Burglary,2017-04-23,2262 S BROADWAY ST
Burglary,2019-05-27,330 S DAYTON ST
Burglary,2015-10-19,3104 BLAKE ST
Burglary,2017-06-26,219 N VALLEJO ST
Robbery-Street-Res,2017-03-06,4551 N LOGAN ST
Larceny,2015-07-03,2020 S BROADWAY ST
Larceny,2019-05-27,2262 S BROADWAY ST
Burglary,2016-02-15,6666 E STAPLETON S DR
Robbery-Street-Res,2017-05-11,22 S GALAPAGO ST
Larceny,2015-10-15,1201 20TH ST
Burglary,2016-02-20,1568 S FEDERAL BLVD
Robbery-Street-Res,2016-09-21,3000 BLOCK N FIFE CT
Burglary,2016-04-04,811 W BAYAUD AVE
Burglary,2017-02-20,2209 W 32ND AVE
Larceny,2016-05-04,8151 E COLFAX AVE
Burglary,2015-11-13,1498 N IVANHOE ST
Burglary,2015-11-13,3888 E 45TH AVE
Simple Assault,2017-07-06,1501 N COLORADO BLVD
Burglary,2016-06-02,4359 N CLAUDE CT
Burglary,2016-11-18,12005 E 37TH AVE
Burglary,2016-01-14,4809 N CLAYTON ST
Burglary,2016-03-28,4975 N VASQUEZ BLVD
Burglary,2016-03-21,6715 E UNION AVE
Drug Offenses,2017-03-29,310 N ST PAUL ST
Burglary,2017-06-17,3435 S YOSEMITE ST
All Other Crimes,2017-04-10,2145 W EVANS AVE
Larceny,2017-06-21,2949 W ALAMEDA AVE
Burglary,2017-01-30,1015 W EVANS AVE
Burglary,2017-02-04,2390 S BROADWAY ST
Burglary,2017-03-28,1397 S CHEROKEE ST
Burglary,2017-02-12,2645 S SANTA FE DR
Burglary,2017-02-11,4625 E COLFAX AVE
Burglary,2017-06-23,2035 N PERRY ST
Burglary,2017-06-22,6359 E EVANS AVE
All Other Crimes,2017-06-05,879 N FEDERAL BLVD
Larceny,2017-02-11,1620 MARKET ST
Burglary,2017-06-21,4800 N OAKLAND ST
Burglary,2017-08-16,4400 N GRAPE ST
Larceny,2017-03-14,10700 E DARTMOUTH AVE
Burglary,2017-07-08,5300 N JOLIET ST
Burglary,2017-06-17,6625 LEETSDALE DR
Burglary,2017-08-06,2245 N SYRACUSE ST
Larceny,2015-07-22,3975 N PEORIA ST
Burglary,2017-07-12,3240 N PERRY ST
Burglary,2017-02-26,2390 S BROADWAY ST
Burglary,2017-08-26,900 N VALLEJO ST
Drug Offenses,2015-05-23,4125 N ELATI ST
Theft from Motor Vehicle,2018-09-18,3100 BLAKE ST
Criminal Mischief-Property,2019-06-02,1444 WAZEE ST
Criminal Mischief-Property,2017-09-05,10555 E 45TH AVE
Burglary,2017-08-08,3702 W QUINCY AVE
Burglary,2017-06-18,1395 S ACOMA ST
Burglary,2017-03-04,735 W BAYAUD AVE
Burglary,2016-11-25,380 N QUIVAS ST
Robbery-Business,2016-10-28,260 N SANTA FE DR
Robbery-Street-Res,2017-07-27,1101 W COLFAX AVE
Burglary,2017-02-12,1736 N DOWNING ST
Burglary,2017-02-11,7739 E COLFAX AVE
Criminal Mischief-Property,2017-02-04,260 N BROADWAY ST
All Other Crimes,2017-09-07,4975 N VASQUEZ BLVD
Burglary,2016-12-07,4105 N JASON ST
Burglary,2017-08-01,2035 N PERRY ST
Burglary,2017-06-22,3995 E 50TH AVE
Burglary,2017-01-30,1568 S BROADWAY ST
Burglary,2017-04-13,1810 S BROADWAY ST
Criminal Mischief-Property,2016-12-24,1011 W 45TH AVE
Burglary,2016-11-03,3416 W GILL PL
Larceny,2016-01-17,2426 S FEDERAL BLVD
Burglary,2016-11-26,3955 N ONEIDA ST
Burglary,2017-02-26,5201 W 48TH AVE
Larceny,2017-08-25,4750 N NOME ST
Larceny,2017-02-21,2748 W ALAMEDA AVE
Burglary,2017-04-08,1285 S TENNYSON ST
Criminal Mischief-Property,2017-06-26,219 N VALLEJO ST
Criminal Mischief-Property,2017-09-05,10555 E 45TH AVE
Larceny,2017-08-23,4095 N JACKSON ST
Burglary,2017-07-12,2035 N PERRY ST
All Other Crimes,2017-06-22,4935 N YORK ST
Burglary,2015-08-14,777 N CANOSA CT
Burglary,2016-08-28,3954 N WILLIAMS ST
Burglary,2016-01-26,6302 E COLFAX AVE
Burglary,2016-10-04,2154 S JASON ST
Simple Assault,2017-09-13,330 N FEDERAL BLVD
Criminal Mischief-Property,2017-09-13,330 N FEDERAL BLVD
Criminal Mischief-Property,2016-05-30,1355 S INCA ST
Criminal Mischief-Property,2016-08-15,5885 E EVANS AVE
Burglary,2017-07-12,4501 N ADAMS ST
Drug Offenses,2016-10-09,2830 N HIGH ST
Burglary,2016-07-06,1075 S JASON ST
Burglary,2016-08-10,2121 E 44TH AVE
Burglary,2016-05-24,4095 N JACKSON ST
All Other Crimes,2017-09-25,750 N CANOSA CT
Burglary,2016-08-14,4700 N KINGSTON ST
Burglary,2016-07-18,4305 N BRIGHTON BLVD
Burglary,2017-08-05,1126 S SHERIDAN BLVD
Criminal Mischief-Property,2016-04-25,4800 N NOME ST
Agg ASLT-Firearm,2016-10-17,2621 S FEDERAL BLVD
Burglary,2017-11-22,4620 N PEORIA ST
Burglary,2016-08-17,4875 N VASQUEZ BLVD
Burglary,2016-08-22,2863 LARIMER ST
Burglary,2016-09-14,399 S HARRISON ST
Burglary,2016-08-03,5110 N RACE ST
Robbery-Business,2016-06-19,1705 N FEDERAL BLVD
Larceny,2017-09-29,1941 W EVANS AVE
Burglary,2016-07-25,6853 LEETSDALE DR
Burglary,2016-07-25,970 S ONEIDA ST
Burglary,2016-07-23,5385 E 39TH AVE
Larceny,2017-09-05,3980 N FRANKLIN ST
Robbery-Street-Res,2016-05-05,E 26TH AVE / N DEXTER ST
Burglary,2017-01-19,4900 N COLORADO BLVD
Agg ASLT-Other,2016-06-05,1500 N HOOKER ST
Larceny,2016-10-27,1135 S JASON ST
Burglary,2016-07-30,4940 E 39TH AVE
Robbery-Street-Res,2016-02-08,E 33RD AVE / N NEWPORT ST
Burglary,2016-08-15,4228 N YORK ST
Larceny,2016-08-15,8151 E COLFAX AVE
Burglary,2016-07-29,1178 S KALAMATH ST
Robbery-Street-Res,2017-09-26,1999 N BROADWAY ST
Burglary,2016-07-11,330 S DAYTON ST
All Other Crimes,2016-05-20,3460 W 32ND AVE
Burglary,2016-08-02,1355 S INCA ST
Larceny,2017-12-16,7741 E COLFAX AVE
Burglary,2017-10-18,468 S FEDERAL BLVD
Burglary,2017-02-11,8151 E COLFAX AVE
Burglary,2016-05-18,4105 N JASON ST
Burglary,2017-11-12,1350 S SHERIDAN BLVD
All Other Crimes,2015-12-09,1505 S FEDERAL BLVD
Criminal Mischief-Property,2017-09-05,10555 E 45TH AVE
Robbery-Street-Res,2016-10-09,3210 W LAYTON AVE
Burglary,2016-05-31,6853 LEETSDALE DR
Burglary,2016-02-12,2645 S SANTA FE DR
Robbery-Business,2017-07-28,5130 E COLFAX AVE
Robbery-Street-Res,2017-08-10,1055 19TH ST
Burglary,2016-08-18,4773 N FOX ST
Burglary,2016-08-30,5926 E COLFAX AVE
Burglary,2017-12-09,14456 E OLMSTED DR
Robbery-Street-Res,2017-12-10,2042 ARAPAHOE ST
Burglary,2017-01-19,380 N QUIVAS ST
Larceny,2018-10-17,5201 W 48TH AVE
Burglary,2018-08-24,3555 S YOSEMITE ST
Burglary,2018-11-06,777 N CANOSA CT
Burglary,2017-09-20,7164 E OHIO DR
Burglary,2017-10-26,4280 MORRISON RD
Criminal Mischief-Property,2017-09-18,2121 S JASON ST
Robbery-Street-Res,2017-12-06,8405 E HAMPDEN AVE
All Other Crimes,2017-09-22,2116 S KALAMATH ST
Burglary,2017-10-30,1115 S BANNOCK ST
Burglary,2017-12-17,2020 S BROADWAY ST
All Other Crimes,2017-11-20,4414 N VINE ST
Burglary,2017-10-10,4820 MORRISON RD
Burglary,2017-11-21,2568 S BROADWAY ST
All Other Crimes,2017-09-13,330 N FEDERAL BLVD
Burglary,2017-09-22,2050 S CHEROKEE ST
All Other Crimes,2017-09-21,4820 MORRISON RD
All Other Crimes,2017-11-06,2222 LAWRENCE ST
Burglary,2017-11-17,2675 W 38TH AVE
Burglary,2017-10-30,1301 S CHEROKEE ST
All Other Crimes,2017-11-20,4414 N VINE ST
Burglary,2017-09-19,3450 N BRIGHTON BLVD
Burglary,2017-09-22,1568 S FEDERAL BLVD
Robbery-Street-Res,2017-10-27,3051 S UNIVERSITY BLVD
Burglary,2017-10-28,4700 N CLAUDE CT
Burglary,2017-11-12,3995 E 50TH AVE
Burglary,2019-05-09,4750 N NOME ST
Robbery-Street-Res,2017-10-23,5015 N TUCSON WAY
Burglary,2017-09-30,2268 S DELAWARE ST
Robbery-Business,2017-09-23,5130 E COLFAX AVE
Larceny,2017-09-28,8101 E NORTHFIELD BLVD
Robbery-Street-Res,2017-10-09,950 N JULIAN ST
Simple Assault,2017-09-28,8101 E NORTHFIELD BLVD
Burglary,2017-10-17,3450 N BRIGHTON BLVD
Drug Offenses,2018-09-25,18679 E 45TH PL
Drug Offenses,2018-10-10,702 N WOLFF ST
Weapons Offense,2018-09-25,18679 E 45TH PL
All Other Crimes,2017-09-29,5227 N MONROE ST
Simple Assault,2017-11-06,2222 LAWRENCE ST
All Other Crimes,2017-12-07,2301 7TH ST
Criminal Mischief-Property,2017-12-06,2252 S KALAMATH ST
Drug Offenses,2017-11-30,4615 E COLFAX AVE
Burglary,2018-10-29,2645 S SANTA FE DR
Larceny,2017-12-15,5200 E SMITH RD
Robbery-Street-Res,2017-11-26,3200 BLOCK W 19TH AVE
Criminal Mischief-Property,2017-09-15,3100 BLAKE ST
Burglary,2017-11-09,875 N NAVAJO ST
Robbery-Street-Res,2017-10-21,4820 MORRISON RD
Burglary,2017-12-04,3954 N WILLIAMS ST
Robbery-Street-Res,2018-11-09,4539 N COLUMBINE ST
Simple Assault,2017-12-05,2949 W ALAMEDA AVE
Drug Offenses,2018-10-11,4567 N DEARBORN ST
Burglary,2018-11-04,4837 N WASHINGTON ST
Larceny,2018-12-06,1350 S SHERIDAN BLVD
Burglary,2018-12-07,930 W BYERS PL
Drug Offenses,2018-10-09,8101 E NORTHFIELD BLVD
Burglary,2018-10-30,930 W BYERS PL
Burglary,2018-10-12,4820 MORRISON RD
Burglary,2018-11-04,505 W 40TH AVE
Larceny,2018-11-24,120 S KALAMATH ST
Burglary,2018-08-01,2020 S COLORADO BLVD
Burglary,2018-10-19,3100 BLAKE ST
Criminal Mischief-Property,2018-10-12,399 S HARRISON ST
Theft from Motor Vehicle,2018-08-29,660 N BRYANT ST
Drug Offenses,2018-09-25,1290 S TENNYSON ST
Robbery-Street-Res,2018-11-13,7739 E COLFAX AVE
Larceny,2018-08-06,2209 W 32ND AVE
Burglary,2017-12-27,3954 N WILLIAMS ST
Auto Theft,2018-10-13,2835 S MONACO ST
Burglary,2018-10-13,1568 S BROADWAY ST
Burglary,2018-11-26,3855 N QUENTIN ST
Drug Offenses,2018-08-06,3480 S GALENA ST
Burglary,2018-08-01,3801 N JASON ST
All Other Crimes,2018-08-09,543 N BRYANT ST
Robbery-Street-Res,2018-10-03,3203 N QUEBEC ST
All Other Crimes,2018-11-01,1940 W MISSISSIPPI AVE
Burglary,2017-12-28,9791 E CORNELL AVE
Burglary,2018-10-10,1995 S BROADWAY ST
Burglary,2018-10-29,2601 W ALAMEDA AVE
Robbery-Street-Res,2018-10-12,15 S STEELE ST
Drug Offenses,2018-11-30,574 W 6TH AVE
Theft from Motor Vehicle,2018-11-25,11975 E 40TH AVE
Burglary,2018-08-10,1355 N SANTA FE DR
Burglary,2018-08-26,4690 N BRIGHTON BLVD
Criminal Mischief-Property,2018-10-08,4228 N YORK ST
Burglary,2018-10-14,10625 E 51ST AVE
All Other Crimes,2018-11-27,866 N NAVAJO ST
Burglary,2018-12-16,155 S PECOS ST
Burglary,2018-10-08,2568 S BROADWAY ST
Drug Offenses,2018-10-10,702 N WOLFF ST
Burglary,2018-10-13,2020 S BROADWAY ST
Burglary,2018-07-12,4000 MORRISON RD
Burglary,2018-08-01,2057 S BROADWAY ST
Drug Offenses,2018-10-09,2806 W SHORT PL
Burglary,2018-07-11,2001 S BROADWAY ST
Drug Offenses,2018-11-27,3500 PARK AVEW
Larceny,2018-12-15,330 N FEDERAL BLVD
Robbery-Street-Res,2018-07-22,1410 W 41ST AVE
Burglary,2018-10-31,4900 N COLORADO BLVD
Burglary,2018-07-12,330 S DAYTON ST
Burglary,2018-07-22,2394 S BROADWAY ST
Burglary,2018-10-14,1568 S FEDERAL BLVD
All Other Crimes,2018-08-13,4620 N PEORIA ST
Larceny,2018-12-19,2426 S FEDERAL BLVD
Robbery-Business,2019-12-11,7289 E HAMPDEN AVE
Burglary,2019-06-28,219 N VALLEJO ST
Burglary,2018-12-09,3954 N WILLIAMS ST
All Other Crimes,2019-08-20,2000 W 32ND AVE
Burglary,2018-12-10,1995 S BROADWAY ST
Burglary,2018-12-10,3944 N HIGH ST
Criminal Mischief-Property,2018-12-19,1150 W CUSTER PL
Agg ASLT-Other,2019-08-27,N BROADWAY ST / CURTIS ST
Burglary,2019-09-13,3104 BLAKE ST
Burglary,2019-05-14,2209 W 32ND AVE
Simple Assault,2019-06-28,7289 E HAMPDEN AVE
Burglary,2019-09-26,3104 BLAKE ST
Burglary,2019-11-24,5051 E 41ST AVE
All Other Crimes,2019-11-15,403 16TH ST
Simple Assault,2019-11-19,2020 S COLORADO BLVD
Robbery-Business,2019-11-04,1911 S BROADWAY ST
Burglary,2019-06-16,1100 N YUMA CT
All Other Crimes,2019-11-21,1130 PARK AVEW
Robbery-Street-Res,2019-11-11,2000 E COLFAX AVE
Burglary,2019-06-15,5077 N COLORADO BLVD
Burglary,2018-12-11,1133 N BANNOCK ST
All Other Crimes,2019-12-10,7050 N TOWER RD
Burglary,2018-12-11,4735 W 38TH AVE
