,OFFENSE_CODE_GROUP,OCCURRED_ON_DATE,STREET
0,Drug Offenses,2017-03-06,2207 N HOOKER ST
1,Burglary,2018-01-03,4400 E EVANS AVE
2,Burglary,2018-01-03,3435 S YOSEMITE ST
3,Burglary,2016-02-01,5050 N YORK ST
4,Burglary,2016-05-21,3888 E MEXICO AVE
5,Agg ASLT-Other,2015-07-19,16TH ST / CALIFORNIA ST
6,Burglary,2018-01-03,120 S KALAMATH ST
7,Drug Offenses,2015-04-22,401 16TH ST
8,Burglary,2018-01-03,755 S FEDERAL BLVD
9,Burglary,2019-01-12,1255 W VIRGINIA AVE
10,Theft from Motor Vehicle,2019-01-08,1798 W MISSISSIPPI AVE
11,Larceny,2018-01-05,4902 E SMITH RD
12,Agg ASLT-Other,2016-05-26,1055 19TH ST
13,Robbery-Street-Res,2019-01-15,970 N LINCOLN ST
14,Burglary,2019-02-05,1270 W CEDAR AVE
15,Simple Assault,2019-02-23,3944 N HIGH ST
16,Larceny,2019-01-12,1001 N GAYLORD ST
17,Burglary,2020-01-23,399 S HARRISON ST
18,Larceny,2020-01-21,970 S ONEIDA ST
19,Larceny,2015-04-13,1100 BLOCK E COLFAX AVE
20,Criminal Mischief-Vehicle,2020-01-25,2863 LARIMER ST
21,Robbery-Street-Res,2020-01-21,6858 E EVANS AVE
22,Burglary,2016-02-28,1005 N FEDERAL BLVD
23,Theft from Motor Vehicle,2016-01-30,1800 S BROADWAY ST
24,Burglary,2015-05-19,2424 E 43RD AVE
25,Burglary,2017-01-14,505 W 40TH AVE
26,Larceny,2019-01-18,5200 E SMITH RD
27,Burglary,2018-01-22,4105 N JASON ST
28,All Other Crimes,2015-08-03,330 N FEDERAL BLVD
29,All Other Crimes,2019-01-17,990 W 6TH AVE
30,Burglary,2015-04-26,4228 N YORK ST
31,Larceny,2019-01-04,6853 LEETSDALE DR
32,Larceny,2018-02-26,4228 N YORK ST
33,Criminal Mischief-Property,2018-01-15,875 N NAVAJO ST
34,Burglary,2020-01-07,1201 W CUSTER PL
35,Robbery-Business,2020-01-03,3555 S YOSEMITE ST
36,Burglary,2015-12-04,855 N HUMBOLDT ST
37,Robbery-Street-Res,2020-01-16,6858 E EVANS AVE
38,Robbery-Street-Res,2017-08-26,901 AURARIA PKWY
39,Burglary,2018-01-19,1619 W 12TH AVE
40,Burglary,2020-01-04,6858 E EVANS AVE
41,Burglary,2015-03-27,1569 S COLORADO BLVD
42,Drug Offenses,2016-01-11,754 S BROADWAY ST
43,Burglary,2020-01-30,1568 S FEDERAL BLVD
44,Criminal Mischief-Property,2018-01-04,4015 N ELATI ST
45,All Other Crimes,2019-02-05,4421 N INCA ST
46,Robbery-Business,2020-01-08,330 S DAYTON ST
47,Burglary,2016-08-24,4773 N FOX ST
48,Burglary,2016-06-28,1995 S BROADWAY ST
49,Criminal Mischief-Property,2020-01-09,1285 W BYERS PL
50,Burglary,2016-07-07,1126 S SHERIDAN BLVD
51,All Other Crimes,2019-02-06,755 S JASON ST
52,Agg ASLT-Other,2020-01-04,1798 W MISSISSIPPI AVE
53,Burglary,2020-01-06,1755 S BROADWAY ST
54,All Other Crimes,2020-01-04,2042 ARAPAHOE ST
55,Criminal Mischief-Property,2020-01-03,1201 20TH ST
56,Burglary,2016-04-26,985 S LOGAN ST
57,Robbery-Street-Res,2015-11-01,5300 W WARREN AVE
58,Burglary,2018-03-01,11122 E 47TH AVE
59,Burglary,2016-08-25,1710 N XENIA ST
60,Burglary,2016-07-11,7739 E COLFAX AVE
61,All Other Crimes,2018-02-15,5353 N JOLIET ST
62,Larceny,2015-04-05,1500 E COLFAX AVE
63,Robbery-Street-Res,2018-01-18,4620 N PEORIA ST
64,Larceny,2016-08-23,445 N FEDERAL BLVD
65,Burglary,2020-01-30,2426 S FEDERAL BLVD
66,Burglary,2018-01-24,1055 S FOX ST
67,Larceny,2018-12-27,1619 W 12TH AVE
68,Burglary,2016-07-23,1355 S INCA ST
69,Drug Offenses,2020-01-15,4745 W 38TH AVE
70,Burglary,2015-05-05,777 N CANOSA CT
71,Simple Assault,2015-03-31,760 E COLFAX AVE
72,Drug Offenses,2020-01-15,2117 LARIMER ST
73,Criminal Mischief-Property,2016-03-29,4800 N NOME ST
74,All Other Crimes,2018-01-18,1736 N DOWNING ST
75,Weapons Offense,2020-01-14,3955 N ONEIDA ST
76,Larceny,2016-05-21,4707 N LIPAN ST
77,Burglary,2015-03-28,543 N BRYANT ST
78,All Other Crimes,2016-05-01,4641 N CLAYTON ST
79,Weapons Offense,2015-10-11,4750 N EAGLE ST
80,Larceny,2018-01-09,1350 S SHERIDAN BLVD
81,Larceny,2015-06-26,1233 W ALAMEDA AVE
82,Burglary,2015-01-27,2940 N NIAGARA ST
83,Larceny,2015-08-24,2645 S SANTA FE DR
84,All Other Crimes,2018-02-27,5141 N FRANKLIN ST
85,Burglary,2016-03-29,4012 W 38TH AVE
86,Auto Theft,2015-12-05,N TAMARAC ST / E COLFAX AVE
87,Burglary,2016-01-26,4801 W COLFAX AVE
88,Larceny,2016-09-23,1178 S KALAMATH ST
89,Burglary,2016-09-12,4935 N YORK ST
90,Simple Assault,2018-02-16,105 E 7TH AVE
91,Larceny,2019-01-02,2748 W ALAMEDA AVE
92,Theft from Motor Vehicle,2015-06-11,2500 BLOCK CALIFORNIA ST
93,Burglary,2016-12-17,3819 N QUENTIN ST
94,Burglary,2019-01-07,1075 S FOX ST
95,Burglary,2016-02-18,1640 E EVANS AVE
96,Burglary,2015-09-27,2645 S SANTA FE DR
97,Burglary,2016-04-06,6359 E EVANS AVE
98,Burglary,2018-03-19,3435 S YOSEMITE ST
99,Burglary,2015-02-14,800 PARK AVE
100,Burglary,2018-05-08,5109 W ALAMEDA AVE
101,Burglary,2015-04-07,5110 N RACE ST
102,Burglary,2018-03-08,4414 N VINE ST
103,Burglary,2017-01-03,2020 S BROADWAY ST
104,Larceny,2015-05-17,2020 S BROADWAY ST
105,Larceny,2020-01-27,2268 S DELAWARE ST
106,Burglary,2015-12-22,735 W BAYAUD AVE
107,Drug Offenses,2016-06-03,6359 E EVANS AVE
108,Burglary,2015-02-06,2301 7TH ST
109,Agg ASLT-Firearm,2016-10-09,2830 N HIGH ST
110,Burglary,2015-01-08,11101 E 51ST AVE
111,Larceny,2015-11-27,330 N FEDERAL BLVD
112,Burglary,2016-08-04,2255 S KALAMATH ST
113,Larceny,2016-12-21,432 S BROADWAY ST
114,Larceny,2016-02-11,1755 S BROADWAY ST
115,Burglary,2018-03-03,2383 S DOWNING ST
116,Larceny,2019-01-23,1126 S SHERIDAN BLVD
117,Burglary,2016-06-15,1955 S QUINCE ST
118,Larceny,2018-02-03,1500 BLOCK STOUT ST
119,Larceny,2015-02-19,5141 N FRANKLIN ST
120,Burglary,2017-10-16,6359 E EVANS AVE
121,Larceny,2018-03-16,5077 N COLORADO BLVD
122,Criminal Mischief-Property,2015-11-13,1498 N IVANHOE ST
123,Burglary,2018-02-21,4430 N GARFIELD ST
124,Burglary,2019-02-18,2145 W EVANS AVE
125,Robbery-Business,2015-03-21,3801 E 40TH AVE
126,Larceny,2017-08-09,10700 E DARTMOUTH AVE
127,All Other Crimes,2018-03-18,4690 N BRIGHTON BLVD
128,Burglary,2016-04-15,6666 E STAPLETON S DR
129,Burglary,2018-02-03,4305 N BRIGHTON BLVD
130,Robbery-Street-Res,2015-06-30,E 37TH AVE / N FRANKLIN ST
131,Larceny,2015-07-31,4975 N VASQUEZ BLVD
132,Burglary,2015-09-08,2020 S BROADWAY ST
133,Criminal Mischief-Property,2015-12-11,1331 19TH ST
134,Burglary,2016-09-26,7289 E HAMPDEN AVE
135,Theft from Motor Vehicle,2016-08-01,3481 S FENTON ST
136,Larceny,2017-01-19,54 N LIPAN ST
137,Burglary,2016-04-21,4500 N WASHINGTON ST
138,Burglary,2015-12-26,4550 S KIPLING ST
139,Burglary,2018-03-22,4401 E 46TH AVE
140,Burglary,2015-02-23,800 PARK AVEW
141,Larceny,2015-04-23,1126 S SHERIDAN BLVD
142,Robbery-Street-Res,2016-05-24,12525 E ALBROOK DR
143,Robbery-Street-Res,2015-08-15,16TH ST / BLAKE ST
144,Burglary,2018-02-02,1920 S CHEROKEE ST
145,Burglary,2018-02-14,3495 S KNOX CT
146,Criminal Mischief-Graffiti,2019-02-18,6625 LEETSDALE DR
147,Burglary,2018-02-28,4640 N IRONTON ST
148,Burglary,2018-02-20,1885 W DARTMOUTH AVE
149,All Other Crimes,2015-03-28,1617 W 12TH AVE
150,Burglary,2018-03-06,4414 N VINE ST
151,Burglary,2018-03-01,3435 S YOSEMITE ST
152,Burglary,2016-11-20,4359 N CLAUDE CT
153,Burglary,2018-02-19,8151 E COLFAX AVE
154,Robbery-Street-Res,2018-02-14,21531 E 46TH AVE
155,Burglary,2016-07-30,1346 W CEDAR AVE
156,Burglary,2015-03-30,80 S PENNSYLVANIA ST
157,Agg ASLT-Firearm,2015-10-14,746 S WOLFF ST
158,Drug Offenses,2015-09-26,20 E 9TH AVE
159,Robbery-Street-Res,2015-09-07,4255 N KITTREDGE ST
160,Burglary,2015-10-24,4550 S KIPLING ST
161,Burglary,2016-06-13,1341 S HUMBOLDT ST
162,Simple Assault,2018-03-18,4690 N BRIGHTON BLVD
163,Burglary,2018-05-03,1568 S FEDERAL BLVD
164,Criminal Mischief-Vehicle,2019-02-10,1308 S JASON ST
165,Burglary,2016-08-30,330 S DAYTON ST
166,Burglary,2015-01-13,742 N RALEIGH ST
167,Burglary,2015-08-14,1240 S BANNOCK ST
168,Burglary,2016-08-18,4975 N VASQUEZ BLVD
169,Robbery-Street-Res,2015-03-22,3030 S FEDERAL BLVD
170,Burglary,2015-11-11,80 S PENNSYLVANIA ST
171,Burglary,2016-01-16,777 N CANOSA CT
172,Larceny,2015-10-06,1332 S CHEROKEE ST
173,All Other Crimes,2015-08-03,1201 20TH ST
174,Burglary,2016-12-18,1055 S FOX ST
175,Burglary,2015-04-27,20731 E 48TH PL
176,Burglary,2018-02-26,2420 S COLORADO BLVD
177,Burglary,2015-09-30,3900 E 48TH AVE
178,Burglary,2016-12-11,505 W 40TH AVE
179,Burglary,2016-02-12,2193 W EVANS AVE
180,Burglary,2016-06-27,2420 S COLORADO BLVD
181,Burglary,2015-11-14,2675 W 38TH AVE
182,Drug Offenses,2018-04-04,1319 S CANOSA CT
183,All Other Crimes,2019-01-10,970 N LINCOLN ST
184,Drug Offenses,2018-05-03,1201 20TH ST
185,Burglary,2018-03-25,3819 N QUENTIN ST
186,Simple Assault,2018-05-03,1201 20TH ST
187,All Other Crimes,2018-03-18,4690 N BRIGHTON BLVD
188,Robbery-Street-Res,2015-07-13,E ELK PL / N CRYSTAL ST
189,All Other Crimes,2018-02-23,4012 W 38TH AVE
190,Criminal Mischief-Property,2018-04-22,82 S FEDERAL BLVD
191,Burglary,2016-12-26,1810 S BROADWAY ST
192,Burglary,2016-01-14,1127 S ELIZABETH ST
193,Weapons Offense,2019-01-30,445 N FEDERAL BLVD
194,Larceny,2018-02-23,4300 N FOREST ST
195,All Other Crimes,2015-10-08,432 S BROADWAY ST
196,Criminal Mischief-Property,2018-03-25,3925 N ONEIDA ST
197,Burglary,2018-05-03,5109 W ALAMEDA AVE
198,Larceny,2018-04-09,879 N FEDERAL BLVD
199,Burglary,2016-03-29,1406 W 38TH AVE
200,Criminal Mischief-Property,2015-07-23,3980 N FRANKLIN ST
201,Burglary,2016-03-30,5140 N CLARKSON ST
202,Burglary,2015-11-04,2645 S SANTA FE DR
203,Burglary,2016-07-04,3880 N HOLLY ST
204,Burglary,2016-02-05,2394 S BROADWAY ST
205,Burglary,2016-02-16,983 S VINE ST
206,Agg ASLT-Firearm,2019-02-09,1350 S SHERIDAN BLVD
207,Robbery-Street-Res,2018-03-25,1565 CALIFORNIA ST
208,Robbery-Business,2018-04-16,4501 N ADAMS ST
209,Robbery-Street-Res,2015-09-06,W CEDAR AVE / S RALEIGH ST
210,Robbery-Street-Res,2018-06-06,2222 LAWRENCE ST
211,Criminal Mischief-Property,2016-05-31,1173 S BANNOCK ST
212,Larceny,2018-04-19,4125 N ELATI ST
213,Larceny,2018-04-10,3954 N WILLIAMS ST
214,Burglary,2019-03-18,4975 N VASQUEZ BLVD
215,Burglary,2016-08-10,3925 N ONEIDA ST
216,Burglary,2018-05-27,2568 S BROADWAY ST
217,Criminal Mischief-Graffiti,2019-02-21,70 N BROADWAY ST
218,Burglary,2016-08-02,2042 S BANNOCK ST
219,Robbery-Street-Res,2016-07-02,550 N ALTON WAY
220,Larceny,2018-05-02,1500 E COLFAX AVE
221,Larceny,2018-04-17,4095 N JACKSON ST
222,Burglary,2018-04-03,2383 S DOWNING ST
223,Burglary,2016-12-13,1135 S JASON ST
224,Theft from Motor Vehicle,2015-06-09,2568 S BROADWAY ST
225,Burglary,2018-04-18,11100 E 51ST AVE
226,Burglary,2016-10-17,5000 E 41ST AVE
227,Burglary,2016-07-28,1075 S JASON ST
228,Criminal Mischief-Property,2018-04-29,2777 S COLORADO BLVD
229,Criminal Mischief-Property,2016-09-25,1568 S FEDERAL BLVD
230,Burglary,2015-08-17,1995 N QUINCE ST
231,Burglary,2015-10-31,884 S IVY ST
232,Burglary,2015-12-14,3930 BLAKE ST
233,Larceny,2018-04-12,745 E 6TH AVE
234,Criminal Mischief-Property,2016-10-05,1454 N SYRACUSE ST
235,Theft from Motor Vehicle,2019-02-25,1126 S SHERIDAN BLVD
236,Burglary,2016-10-02,1115 S BANNOCK ST
237,Burglary,2015-11-22,2001 S PLATTE RIVER DR
238,Drug Offenses,2016-09-21,2675 W 38TH AVE
239,Burglary,2016-08-19,1100 N YUMA CT
240,Larceny,2018-04-29,2042 ARAPAHOE ST
241,Larceny,2016-10-09,324 S LEYDEN ST
242,Larceny,2019-02-25,120 S KALAMATH ST
243,Drug Offenses,2019-03-26,1930 E 40TH AVE
244,Drug Offenses,2015-05-26,1250 5TH ST
245,Simple Assault,2015-05-26,1250 5TH ST
246,Robbery-Street-Res,2015-09-21,1550 N BROADWAY ST
247,Burglary,2015-03-27,1101 S BANNOCK ST
248,Burglary,2016-02-16,183 W ALAMEDA AVE
249,Burglary,2016-03-08,816 S UMATILLA WAY
250,Burglary,2018-08-01,1911 S BROADWAY ST
251,Burglary,2016-09-06,5231 N MONROE ST
252,Criminal Mischief-Graffiti,2019-02-25,665 N KALAMATH ST
253,All Other Crimes,2019-02-28,1930 E 40TH AVE
254,Burglary,2018-04-24,2645 S SANTA FE DR
255,Larceny,2018-04-03,403 16TH ST
256,Burglary,2015-09-05,970 N LINCOLN ST
257,Burglary,2018-04-20,4125 N ELATI ST
258,Drug Offenses,2015-09-30,105 E 7TH AVE
259,Burglary,2016-03-18,2420 S COLORADO BLVD
260,Burglary,2015-08-29,3814 WALNUT ST
261,Robbery-Street-Res,2016-08-05,2101 15TH ST
262,Burglary,2018-07-19,10625 E 51ST AVE
263,Drug Offenses,2015-05-22,3995 E 50TH AVE
264,Criminal Mischief-Property,2018-04-24,2645 S SANTA FE DR
265,Robbery-Street-Res,2019-02-28,4801 W COLFAX AVE
266,Criminal Mischief-Graffiti,2019-03-25,4825 N OAKLAND ST
267,Burglary,2015-02-09,1994 S CHEROKEE ST
268,All Other Crimes,2019-03-07,1941 W EVANS AVE
269,Burglary,2018-05-12,3450 N BRIGHTON BLVD
270,Burglary,2018-05-27,260 N BROADWAY ST
271,Simple Assault,2018-05-30,2028 E COLFAX AVE
272,Burglary,2016-05-19,1810 S BROADWAY ST
273,Burglary,2019-04-16,755 S FEDERAL BLVD
274,Burglary,2015-09-07,5231 N MONROE ST
275,Drug Offenses,2018-05-30,5550 N MALTA ST
276,Robbery-Street-Res,2016-06-16,1550 N BROADWAY ST
277,All Other Crimes,2019-03-24,1930 E 40TH AVE
278,Burglary,2015-05-10,3995 E 50TH AVE
279,Auto Theft,2018-05-31,658 N KALAMATH ST
280,Burglary,2018-06-09,7800 E 26TH AVE
281,Burglary,2016-06-02,2001 S BROADWAY ST
282,Burglary,2015-12-31,4125 N ELATI ST
283,Burglary,2016-05-17,985 S LOGAN ST
284,Burglary,2015-01-26,4615 E COLFAX AVE
285,Burglary,2015-07-18,1240 S BANNOCK ST
286,Burglary,2015-09-12,3642 N HIGH ST
287,Burglary,2019-03-07,5475 N PEORIA ST
288,Larceny,2018-05-14,2645 S SANTA FE DR
289,Larceny,2019-03-23,2949 W ALAMEDA AVE
290,Burglary,2016-01-17,2426 S FEDERAL BLVD
291,Burglary,2015-06-24,5110 N RACE ST
292,Larceny,2018-05-19,3480 S GALENA ST
293,All Other Crimes,2016-04-06,2028 E COLFAX AVE
294,Burglary,2015-03-26,734 N SHERIDAN BLVD
295,Burglary,2015-05-04,2193 W EVANS AVE
296,Burglary,2016-08-24,990 W 6TH AVE
297,Criminal Mischief-Property,2016-08-15,2777 S COLORADO BLVD
298,Burglary,2018-06-11,1235 S HURON ST
299,Robbery-Business,2015-06-05,5101 E COLFAX AVE
300,Burglary,2015-11-21,2675 W 38TH AVE
301,Burglary,2018-05-27,1403 S CHEROKEE ST
302,Drug Offenses,2018-04-03,1676 N TAMARAC ST
303,Burglary,2016-08-10,4773 N FOX ST
304,Larceny,2016-04-17,5227 N MONROE ST
305,Larceny,2018-05-22,1568 S FEDERAL BLVD
306,All Other Crimes,2019-03-05,1500 E COLFAX AVE
307,Larceny,2015-09-21,2361 S WOLFF ST
308,Burglary,2016-07-10,1255 W VIRGINIA AVE
309,Burglary,2016-01-05,777 N CANOSA CT
310,Burglary,2018-06-09,4840 N JACKSON ST
311,Burglary,2016-12-17,4 S SANTA FE DR
312,Burglary,2016-08-05,4773 N FOX ST
313,Agg ASLT-Other,2016-05-11,1550 N BROADWAY ST
314,Burglary,2015-06-10,3954 N WILLIAMS ST
315,Theft from Motor Vehicle,2018-07-25,1660 N PEARL ST
316,Criminal Mischief-Property,2015-12-23,695 N BRYANT ST
317,Robbery-Street-Res,2015-10-21,1224 S MARIPOSA ST
318,Burglary,2016-03-05,777 N CANOSA CT
319,Burglary,2015-07-13,777 N CANOSA CT
320,Larceny,2018-09-21,11975 E 40TH AVE
321,Robbery-Street-Res,2016-03-31,1350 N XENIA ST
322,Burglary,2016-11-17,2675 S SANTA FE DR
323,Auto Theft,2019-04-04,5141 N FRANKLIN ST
324,Burglary,2018-08-17,7870 W QUINCY AVE
325,Robbery-Street-Res,2015-08-17,E 16TH AVE / N PEARL ST
326,Burglary,2015-05-02,1115 S BANNOCK ST
327,Burglary,2019-03-18,1136 N YUMA CT
328,Burglary,2015-12-02,3814 WALNUT ST
329,Burglary,2016-09-08,505 N BRYANT ST
330,Burglary,2018-07-09,260 N SANTA FE DR
331,Burglary,2015-09-06,762 N KALAMATH ST
332,Burglary,2019-03-29,330 N FEDERAL BLVD
333,Burglary,2016-07-18,4935 N YORK ST
334,Larceny,2016-09-22,1798 W MISSISSIPPI AVE
335,Burglary,2016-08-03,4690 N BRIGHTON BLVD
336,Burglary,2018-07-13,3995 E 50TH AVE
337,Burglary,2015-02-09,970 S ONEIDA ST
338,Robbery-Street-Res,2016-09-14,E 1ST AVE / N BROADWAY ST
339,Burglary,2018-09-12,4080 N GLOBEVILLE RD
340,Criminal Mischief-Property,2019-04-03,4228 N YORK ST
341,Larceny,2018-08-09,1155 S CHEROKEE ST
342,Burglary,2015-09-06,5109 W ALAMEDA AVE
343,Burglary,2018-06-10,1136 N YUMA CT
344,Burglary,2016-06-02,734 N SHERIDAN BLVD
345,Burglary,2016-08-04,2191 S JASON ST
346,Burglary,2018-07-09,120 S KALAMATH ST
347,Burglary,2015-08-13,1205 W EVANS AVE
348,Theft from Motor Vehicle,2019-03-05,5201 W 48TH AVE
349,Burglary,2015-01-27,835 E 50TH AVE
350,Burglary,2016-06-14,445 N FEDERAL BLVD
351,Burglary,2018-05-18,5109 W ALAMEDA AVE
352,Larceny,2018-05-17,1755 S BROADWAY ST
353,Burglary,2015-04-14,3937 N MARIPOSA ST
354,Burglary,2018-06-03,735 W BAYAUD AVE
355,All Other Crimes,2016-04-07,970 S ONEIDA ST
356,Robbery-Street-Res,2016-01-05,2617 W EVANS AVE
357,Burglary,2018-05-27,2020 S BROADWAY ST
358,Larceny,2015-07-25,4620 N PEORIA ST
359,All Other Crimes,2019-04-16,4414 N VINE ST
360,Burglary,2015-07-22,4990 N HOOKER ST
361,Agg ASLT-Other,2019-03-18,1736 N DOWNING ST
362,Burglary,2016-11-26,4750 N NOME ST
363,Larceny,2015-06-25,3170 W 14TH AVE
364,Robbery-Street-Res,2018-07-03,W 38TH AVE / N WINONA CT
365,Burglary,2018-09-04,1126 S SHERIDAN BLVD
366,Auto Theft,2019-03-31,4620 N PEORIA ST
367,Robbery-Street-Res,2016-07-25,3996 E EVANS AVE
368,Burglary,2015-08-16,1798 W MISSISSIPPI AVE
369,Burglary,2018-08-01,2243 N FEDERAL BLVD
370,Burglary,2019-04-03,4615 E COLFAX AVE
371,Burglary,2018-08-31,6858 E EVANS AVE
372,Larceny,2016-04-25,225 N MARIPOSA ST
373,Burglary,2018-06-10,1136 N YUMA CT
374,Burglary,2018-07-26,1568 S FEDERAL BLVD
375,Robbery-Street-Res,2015-06-26,4124 N SHERIDAN BLVD
376,All Other Crimes,2019-04-03,4228 N YORK ST
377,Burglary,2016-10-05,3845 N HIGH ST
378,Burglary,2016-11-23,4400 E EVANS AVE
379,Burglary,2016-03-31,1270 W CEDAR AVE
380,Larceny,2016-06-10,4495 N WASHINGTON ST
381,Burglary,2016-07-15,2323 S LIPAN ST
382,Burglary,2018-08-17,1568 S BROADWAY ST
383,Larceny,2016-06-02,3955 N ONEIDA ST
384,Weapons Offense,2018-09-22,4410 N WASHINGTON ST
385,Criminal Mischief-Property,2018-09-03,4935 N YORK ST
386,Burglary,2019-04-05,695 N BRYANT ST
387,All Other Crimes,2019-05-29,225 N MARIPOSA ST
388,Burglary,2016-11-15,2675 S SANTA FE DR
389,Robbery-Street-Res,2015-11-19,3050 W 49TH AVE
390,Robbery-Street-Res,2018-06-17,4708 N WASHINGTON ST
391,Auto Theft,2018-11-21,4394 N GRAPE ST
392,Drug Offenses,2016-03-04,5155 E 46TH AVE
393,Burglary,2016-06-11,688 N BRYANT ST
394,Criminal Mischief-Property,2018-06-19,701 W MISSISSIPPI AVE
395,Larceny,2019-04-29,8151 E COLFAX AVE
396,Robbery-Street-Res,2016-09-19,5569 N JERICHO CT
397,Robbery-Business,2015-04-22,3944 N HIGH ST
398,Burglary,2016-08-14,155 S PECOS ST
399,Robbery-Business,2015-09-20,3100 BLAKE ST
400,Simple Assault,2015-12-16,3955 N STEELE ST
401,Burglary,2016-08-08,2895 W 8TH AVE
402,Burglary,2018-11-20,6858 E EVANS AVE
403,Larceny,2015-03-23,1500 E COLFAX AVE
404,All Other Crimes,2019-04-22,403 16TH ST
405,Larceny,2019-04-29,330 E COLFAX AVE
406,Burglary,2018-11-20,3480 PARK AVEW
407,Robbery-Street-Res,2018-06-28,978 S PERRY ST
408,Burglary,2018-06-26,5109 W ALAMEDA AVE
409,Larceny,2015-07-23,1620 MARKET ST
410,Burglary,2018-11-01,5475 N PEORIA ST
411,Criminal Mischief-Property,2018-10-15,1196 S BANNOCK ST
412,Burglary,2016-07-18,219 N VALLEJO ST
413,Auto Theft,2019-04-07,8151 E COLFAX AVE
414,Criminal Mischief-Property,2015-08-09,1755 S BROADWAY ST
415,Burglary,2015-04-14,1332 S CHEROKEE ST
416,Burglary,2016-02-14,2330 N BROADWAY ST
417,All Other Crimes,2019-05-03,260 N BROADWAY ST
418,Criminal Mischief-Property,2016-05-28,7741 E COLFAX AVE
419,Burglary,2018-08-17,3555 S YOSEMITE ST
420,Burglary,2016-08-10,2777 S COLORADO BLVD
421,Burglary,2018-09-27,4820 MORRISON RD
422,Burglary,2015-03-03,1031 W CENTER AVE
423,Simple Assault,2018-10-13,N DAHLIA ST / E 33RD AVE
424,Robbery-Street-Res,2016-09-19,800 BLOCK S MONACO ST
425,Drug Offenses,2018-06-14,1499 N BROADWAY ST
426,Agg ASLT-Other,2018-06-28,2042 ARAPAHOE ST
427,Agg ASLT-Firearm,2019-03-29,W EVANS AVE / S TEJON ST
428,All Other Crimes,2018-11-19,4500 N JASON ST
429,Burglary,2018-06-27,330 S DAYTON ST
430,Larceny,2018-10-04,879 N FEDERAL BLVD
431,Burglary,2018-11-01,3855 N QUENTIN ST
432,Simple Assault,2018-11-21,4975 N VASQUEZ BLVD
433,Burglary,2018-11-20,4900 N COLORADO BLVD
434,Burglary,2018-11-20,399 S HARRISON ST
435,Burglary,2019-05-16,2645 S SANTA FE DR
436,Burglary,2016-09-05,1626 S SHERIDAN BLVD
437,Drug Offenses,2015-02-20,1233 W ALAMEDA AVE
438,Burglary,2018-11-20,4773 N FOX ST
439,Theft from Motor Vehicle,2018-09-28,5077 N COLORADO BLVD
440,Burglary,2016-09-29,4495 N WASHINGTON ST
441,Burglary,2019-05-29,5000 E 41ST AVE
442,Criminal Mischief-Property,2019-05-29,3814 WALNUT ST
443,Robbery-Business,2016-09-03,3887 N STEELE ST
444,Drug Offenses,2018-06-17,4708 N WASHINGTON ST
445,Burglary,2019-08-31,2042 S BANNOCK ST
446,Burglary,2019-08-09,4902 E SMITH RD
447,Larceny,2019-08-17,6853 LEETSDALE DR
448,All Other Crimes,2019-09-24,2119 LARIMER ST
449,Burglary,2019-10-21,2120 S BIRCH ST
450,Burglary,2015-11-15,6359 E EVANS AVE
451,All Other Crimes,2018-06-17,4708 N WASHINGTON ST
452,Burglary,2018-06-25,2675 W 38TH AVE
453,Larceny,2019-10-07,1941 W EVANS AVE
454,Burglary,2019-08-20,4655 E 46TH AVE
455,Burglary,2019-08-31,1126 S SHERIDAN BLVD
456,Burglary,2019-08-18,875 N NAVAJO ST
457,Larceny,2019-08-18,4801 W COLFAX AVE
458,Larceny,2019-08-08,4935 N YORK ST
459,Robbery-Street-Res,2018-09-16,1601 CHESTNUT PL
460,Burglary,2019-10-26,1100 S KALAMATH ST
461,Burglary,2019-07-17,777 N UMATILLA ST
462,Burglary,2016-07-04,1100 N YUMA CT
463,Criminal Mischief-Property,2019-07-12,445 N FEDERAL BLVD
464,Burglary,2018-09-14,3930 BLAKE ST
465,Burglary,2018-09-04,2645 S SANTA FE DR
466,Burglary,2019-08-09,2211 S JASON ST
467,Burglary,2016-11-16,2175 S HIGH ST
468,Theft from Motor Vehicle,2018-08-08,6767 E 39TH AVE
469,Burglary,2019-07-14,2211 S JASON ST
470,Criminal Mischief-Property,2018-06-25,7380 E COLFAX AVE
471,Burglary,2018-07-01,4305 N BRIGHTON BLVD
472,Simple Assault,2019-08-20,74 N FEDERAL BLVD
473,Burglary,2016-06-19,1100 N YUMA CT
474,Agg ASLT-Other,2019-11-21,1130 PARK AVEW
475,Burglary,2019-09-18,4615 E COLFAX AVE
476,Auto Theft,2019-07-10,970 S ONEIDA ST
477,Burglary,2018-09-18,183 W ALAMEDA AVE
478,Burglary,2016-08-16,1075 S JASON ST
479,Burglary,2016-08-25,1995 S BROADWAY ST
480,Burglary,2018-07-09,2601 W ALAMEDA AVE
481,Burglary,2017-04-29,2035 N PERRY ST
482,Criminal Mischief-Property,2016-05-30,3435 S YOSEMITE ST
483,Larceny,2016-07-19,4765 N FEDERAL BLVD
484,Burglary,2016-01-29,1861 S JACKSON ST
485,Burglary,2016-04-20,1015 W EVANS AVE
486,Criminal Mischief-Property,2017-07-18,2806 S LAMAR ST
487,Burglary,2016-10-08,1885 W DARTMOUTH AVE
488,Burglary,2017-03-12,2394 S BROADWAY ST
489,Burglary,2016-02-06,260 N BROADWAY ST
490,Burglary,2016-08-08,970 S ONEIDA ST
491,Burglary,2017-07-17,130 N LIPAN ST
492,Burglary,2016-08-08,4305 N BRIGHTON BLVD
493,Theft from Motor Vehicle,2016-08-07,24200 E 78TH AVE
494,Robbery-Street-Res,2016-03-05,3215 W AVONDALE DR
495,Burglary,2016-01-10,318 N GROVE ST
496,Larceny,2017-03-12,2900 BLOCK LARIMER ST
497,Simple Assault,2017-05-02,E 17TH AVE / N GRANT ST
498,Larceny,2017-05-09,2190 S JASON ST
499,Robbery-Street-Res,2017-05-01,1080 N SHERIDAN BLVD
500,Larceny,2016-05-13,5077 N COLORADO BLVD
501,Burglary,2016-08-09,755 S FEDERAL BLVD
502,Criminal Mischief-Property,2017-01-12,4125 N ELATI ST
503,Burglary,2017-01-12,1770 S ACOMA ST
504,Burglary,2017-06-28,3995 E 50TH AVE
505,Burglary,2017-07-22,2426 S FEDERAL BLVD
506,Burglary,2017-07-22,468 S FEDERAL BLVD
507,Burglary,2017-02-07,183 W ALAMEDA AVE
508,Larceny,2017-02-07,120 S KALAMATH ST
509,Larceny,2017-06-27,900 S BROADWAY ST
510,Burglary,2016-09-17,399 S HARRISON ST
511,Burglary,2017-08-13,2440 W EVANS AVE
512,Robbery-Business,2017-08-14,5130 E COLFAX AVE
513,All Other Crimes,2017-03-15,1555 CHAMPA ST
514,Larceny,2016-02-09,2001 S BROADWAY ST
515,Simple Assault,2015-12-03,E ARIZONA AVE / S BIRCH ST
516,Larceny,2015-12-11,1331 19TH ST
517,All Other Crimes,2015-12-11,1331 19TH ST
518,Burglary,2017-03-22,1865 S ACOMA ST
519,Simple Assault,2017-04-03,1500 BLOCK COURT PL
520,Burglary,2016-02-27,2121 E 44TH AVE
521,Theft from Motor Vehicle,2016-01-14,2601 N ZUNI ST
522,Robbery-Street-Res,2016-04-21,3900 N ELATI ST
523,Burglary,2015-11-27,7739 E COLFAX AVE
524,Burglary,2017-08-11,20 E 9TH AVE
525,Robbery-Street-Res,2017-04-23,4660 N PEORIA ST
526,All Other Crimes,2017-03-07,1011 W 45TH AVE
527,Burglary,2016-11-17,2071 S DOWNING ST
528,Burglary,2017-08-19,5201 W 48TH AVE
529,Burglary,2017-08-18,4980 N JACKSON ST
530,Burglary,2017-02-28,2707 W 38TH AVE
531,Burglary,2017-03-06,2207 N HOOKER ST
532,Burglary,2017-04-22,3435 S YOSEMITE ST
533,Burglary,2016-02-07,3060 N CLAYTON ST
534,Burglary,2016-11-21,2001 S BROADWAY ST
535,Burglary,2017-08-19,2647 S LOWELL BLVD
536,Burglary,2017-08-09,4400 N GRAPE ST
537,Burglary,2015-11-16,2008 N FEDERAL BLVD
538,Burglary,2016-08-25,2251 S BROADWAY ST
539,Burglary,2017-08-01,420 N UTICA ST
540,Burglary,2015-11-14,4095 N JACKSON ST
541,Burglary,2015-11-05,1005 N FEDERAL BLVD
542,Burglary,2016-03-12,4209 N DELAWARE ST
543,Agg ASLT-Other,2017-07-25,1800 BLOCK E COLFAX AVE
544,Burglary,2016-10-23,1133 N BANNOCK ST
545,All Other Crimes,2015-12-30,3450 N BRIGHTON BLVD
546,Larceny,2015-02-10,330 N FEDERAL BLVD
547,Robbery-Street-Res,2015-11-20,4620 N PEORIA ST
548,All Other Crimes,2017-08-21,1174 S CHEROKEE ST
549,Burglary,2016-07-01,1810 S BROADWAY ST
550,Burglary,2016-07-01,3835 N ELM ST
551,Burglary,2017-02-09,432 S BROADWAY ST
552,Burglary,2016-02-24,6853 LEETSDALE DR
553,Burglary,2017-03-13,82 S FEDERAL BLVD
554,Burglary,2016-05-01,4641 N CLAYTON ST
555,Burglary,2016-06-03,1941 W EVANS AVE
556,Burglary,2016-06-03,4095 N JACKSON ST
557,Burglary,2016-07-10,1397 S CHEROKEE ST
558,Burglary,2017-03-17,1178 S KALAMATH ST
559,Burglary,2016-02-23,3450 N BRIGHTON BLVD
560,Burglary,2017-04-25,2251 S BROADWAY ST
561,Burglary,2017-04-14,1045 N DOWNING ST
562,Drug Offenses,2015-02-20,4620 N PEORIA ST
563,Criminal Mischief-Property,2017-03-13,10555 E 45TH AVE
564,Burglary,2016-07-01,6853 LEETSDALE DR
565,Burglary,2017-06-21,3755 N JACKSON ST
566,Burglary,2016-06-09,380 N QUIVAS ST
567,Burglary,2016-08-13,1075 S JASON ST
568,Burglary,2016-04-10,815 S ONEIDA ST
569,Burglary,2017-06-16,4 S SANTA FE DR
570,Burglary,2016-12-17,120 S KALAMATH ST
571,Larceny,2016-04-12,4495 N WASHINGTON ST
572,Burglary,2018-09-18,2020 S COLORADO BLVD
573,Burglary,2016-01-23,1451 24TH ST
574,Robbery-Street-Res,2019-03-29,W EVANS AVE / S TEJON ST
575,Simple Assault,2019-10-07,2121 S JASON ST
576,Burglary,2019-10-06,2895 W 8TH AVE
577,Theft from Motor Vehicle,2015-07-07,4572 N FREEPORT WAY
578,Burglary,2015-03-07,777 N UMATILLA ST
579,Burglary,2019-05-16,399 S HARRISON ST
580,Burglary,2019-05-16,135 S BROADWAY ST
581,Burglary,2019-08-16,4105 N JASON ST
582,Agg ASLT-Other,2018-06-19,445 N FEDERAL BLVD
583,Burglary,2016-04-16,432 S BROADWAY ST
584,Burglary,2019-07-17,1911 S BROADWAY ST
585,Burglary,2018-09-27,2001 S BROADWAY ST
586,Burglary,2018-09-26,399 S HARRISON ST
587,Burglary,2018-09-27,399 S HARRISON ST
588,Burglary,2018-06-26,330 S DAYTON ST
589,Agg ASLT-Other,2015-08-07,6302 E COLFAX AVE
590,Larceny,2016-09-27,577 S JASON ST
591,Burglary,2019-07-25,505 W 40TH AVE
592,Burglary,2019-09-26,3814 WALNUT ST
593,Burglary,2019-09-26,4902 E SMITH RD
594,Larceny,2019-09-15,3937 W COLFAX AVE
595,Larceny,2019-04-05,11101 E 51ST AVE
596,Burglary,2019-08-15,3900 E 48TH AVE
597,Burglary,2019-09-27,5201 W 48TH AVE
598,Burglary,2016-11-29,1100 S KALAMATH ST
599,Robbery-Street-Res,2015-05-17,1700 BLOCK E MLK BLVD
600,Simple Assault,2019-09-17,3835 N ELM ST
601,Criminal Mischief-Property,2018-08-01,7380 E COLFAX AVE
602,Auto Theft,2019-06-17,260 N BROADWAY ST
603,Auto Theft,2018-09-04,4785 N ELATI ST
604,Burglary,2019-08-31,4750 N NOME ST
605,Drug Offenses,2019-07-25,4359 N CLAUDE CT
606,Burglary,2018-09-27,2070 S HURON ST
607,Burglary,2019-07-17,777 N CANOSA CT
608,Burglary,2015-03-04,1191 S BANNOCK ST
609,Criminal Mischief-Property,2018-08-31,2000 S DAHLIA ST
610,Burglary,2019-05-25,4655 E 46TH AVE
611,Larceny,2019-10-02,1620 MARKET ST
612,Burglary,2019-05-23,3814 WALNUT ST
613,Burglary,2019-09-11,399 S HARRISON ST
614,Criminal Mischief-Property,2018-09-13,74 N FEDERAL BLVD
615,Burglary,2019-09-12,82 S FEDERAL BLVD
616,Burglary,2019-07-05,11080 E 47TH AVE
617,Burglary,2019-08-19,5077 N COLORADO BLVD
618,All Other Crimes,2019-07-15,2949 W ALAMEDA AVE
619,Burglary,2018-09-18,2390 S BROADWAY ST
620,Burglary,2019-05-24,3814 WALNUT ST
621,Burglary,2019-05-14,4837 N WASHINGTON ST
622,Weapons Offense,2019-07-25,4401 E 46TH AVE
623,Burglary,2019-05-10,1736 N DOWNING ST
624,Burglary,2019-07-24,4750 N NOME ST
625,Robbery-Street-Res,2019-08-19,5540 N BLACKHAWK WAY
626,All Other Crimes,2019-07-18,830 N WYANDOT ST
627,Burglary,2015-03-12,2427 S ST PAUL ST
628,Burglary,2019-07-08,2215 E MISSISSIPPI AVE
629,Burglary,2019-08-14,5110 N RACE ST
630,Burglary,2019-08-14,5885 E EVANS AVE
631,Larceny,2018-08-31,1350 S SHERIDAN BLVD
632,Theft from Motor Vehicle,2018-09-04,577 S JASON ST
633,All Other Crimes,2019-05-14,1736 N DOWNING ST
634,Burglary,2019-08-03,2675 S SANTA FE DR
635,Burglary,2019-08-03,4902 E SMITH RD
636,Burglary,2019-06-20,777 N UMATILLA ST
637,Burglary,2015-01-07,501 W 40TH AVE
638,Burglary,2019-08-19,1325 S INCA ST
639,All Other Crimes,2019-10-23,1301 S CHEROKEE ST
640,Burglary,2019-07-08,5885 E EVANS AVE
641,Burglary,2019-06-07,1798 W MISSISSIPPI AVE
642,Burglary,2019-05-16,4400 N GRAPE ST
643,Burglary,2019-07-08,3801 N JASON ST
644,Larceny,2019-05-16,3460 W 32ND AVE
645,Burglary,2019-05-14,6666 E STAPLETON S DR
646,Burglary,2019-07-08,3995 E 50TH AVE
647,Burglary,2019-09-10,7870 W QUINCY AVE
648,Drug Offenses,2019-07-15,2949 W ALAMEDA AVE
649,Burglary,2019-09-01,11975 E 40TH AVE
650,Criminal Mischief-Property,2019-09-01,5130 E COLFAX AVE
651,Burglary,2019-08-09,1617 W 12TH AVE
652,Larceny,2019-10-31,4986 MORRISON RD
653,Burglary,2019-08-09,4750 N NOME ST
654,Larceny,2018-12-03,1500 E COLFAX AVE
655,Larceny,2019-08-30,1233 W ALAMEDA AVE
656,Robbery-Street-Res,2019-04-11,1885 S QUEBEC WAY
657,Burglary,2019-07-25,120 S KALAMATH ST
658,Burglary,2019-07-25,4401 E 46TH AVE
659,Theft from Motor Vehicle,2019-10-31,3700 BLOCK N PERRY ST
660,Theft from Motor Vehicle,2019-06-19,4902 E SMITH RD
661,Burglary,2019-07-02,1178 S KALAMATH ST
662,Criminal Mischief-Property,2019-05-18,688 N BRYANT ST
663,Burglary,2019-07-25,1355 N SANTA FE DR
664,Criminal Mischief-Property,2019-09-03,4935 N YORK ST
665,Burglary,2019-09-03,2601 W ALAMEDA AVE
666,Burglary,2019-09-03,3955 N ONEIDA ST
667,Burglary,2019-09-02,3900 E 48TH AVE
668,Burglary,2019-08-19,3857 N ELM ST
669,Burglary,2015-02-27,777 N UMATILLA ST
670,Burglary,2019-07-02,2001 S BROADWAY ST
671,Burglary,2019-07-02,120 S KALAMATH ST
672,Burglary,2015-06-18,3954 N WILLIAMS ST
673,Agg ASLT-Firearm,2015-01-06,8100 E COLFAX AVE
674,All Other Crimes,2015-04-05,432 S BROADWAY ST
675,Burglary,2019-09-10,4935 N YORK ST
676,Criminal Mischief-Property,2015-05-31,4902 E SMITH RD
677,Burglary,2015-06-23,1395 S ACOMA ST
678,Larceny,2015-10-25,432 S BROADWAY ST
679,Burglary,2015-03-29,120 S KALAMATH ST
680,Burglary,2015-01-07,4935 N YORK ST
681,Robbery-Street-Res,2015-06-24,1400 BLOCK N MARIPOSA ST
682,Robbery-Street-Res,2015-06-27,N BROADWAY ST / W COLFAX AVE
683,Robbery-Street-Res,2015-05-03,E COLFAX AVE / N COOK ST
684,Robbery-Street-Res,2015-05-17,2800 BLOCK LARIMER ST
685,All Other Crimes,2015-01-18,2690 N GRAPE ST
686,Burglary,2015-11-24,1555 N LAFAYETTE ST
687,All Other Crimes,2015-05-15,4620 N PEORIA ST
688,Criminal Mischief-Property,2015-05-14,1355 N SANTA FE DR
689,Drug Offenses,2015-09-25,985 S LOGAN ST
690,Larceny,2015-03-02,155 N FEDERAL BLVD
691,Burglary,2015-01-19,3995 E 50TH AVE
692,Burglary,2015-05-19,1155 S CHEROKEE ST
693,Burglary,2015-09-24,2615 WELTON ST
694,Burglary,2015-05-20,3690 N ELM ST
695,Burglary,2019-04-23,4750 N NOME ST
696,All Other Crimes,2015-05-13,2609 WALNUT ST
697,Larceny,2015-06-29,509 W 6TH AVE
698,Robbery-Street-Res,2015-06-29,1133 W 8TH AVE
699,Auto Theft,2015-06-29,1133 W 8TH AVE
700,Burglary,2015-01-10,5475 N PEORIA ST
701,Burglary,2015-06-25,1755 S BROADWAY ST
702,Burglary,2019-04-24,5070 N OAKLAND ST
703,Simple Assault,2019-04-12,4620 N PEORIA ST
704,Burglary,2015-04-29,1798 W MISSISSIPPI AVE
705,Burglary,2015-04-29,1197 S BANNOCK ST
706,Burglary,2015-07-18,4335 N RACE ST
707,Burglary,2015-05-26,1172 W VIRGINIA AVE
708,Burglary,2015-01-09,2028 E COLFAX AVE
709,Simple Assault,2015-04-05,E 19TH AVE / N OLIVE ST
710,Burglary,2015-03-09,1810 S BROADWAY ST
711,Burglary,2015-06-21,1241 N MARION ST
712,Burglary,2019-09-03,1126 S SHERIDAN BLVD
713,Burglary,2015-01-11,5885 E EVANS AVE
714,Larceny,2015-05-14,219 N VALLEJO ST
715,Burglary,2015-07-08,6853 LEETSDALE DR
716,Burglary,2015-07-08,735 W BAYAUD AVE
717,Burglary,2019-04-11,701 W MISSISSIPPI AVE
718,Criminal Mischief-Property,2015-09-13,2209 W 32ND AVE
719,Burglary,2015-09-13,1126 S SHERIDAN BLVD
720,Burglary,2015-07-18,1705 N FRANKLIN ST
721,Burglary,2019-09-10,4550 S KIPLING ST
722,Burglary,2015-05-10,4802 N BRIGHTON BLVD
723,Criminal Mischief-Property,2019-10-23,1301 S CHEROKEE ST
724,Burglary,2019-10-23,525 N BRYANT ST
725,Burglary,2019-05-16,2042 S BANNOCK ST
726,Criminal Mischief-Property,2019-07-18,830 N WYANDOT ST
727,Larceny,2015-01-27,1112 N BROADWAY ST
728,Burglary,2015-06-06,6302 E COLFAX AVE
729,Burglary,2015-10-06,3435 S YOSEMITE ST
730,Burglary,2015-08-24,1818 N MARION ST
731,Criminal Mischief-Property,2019-08-16,5395 E 39TH AVE
732,Larceny,2015-05-26,1250 5TH ST
733,Theft from Motor Vehicle,2015-09-01,445 N FEDERAL BLVD
734,Burglary,2015-05-23,1255 W VIRGINIA AVE
735,Robbery-Street-Res,2015-07-15,W 13TH AVE / N KNOX CT
736,Burglary,2015-06-27,5077 N COLORADO BLVD
737,All Other Crimes,2016-02-18,333 W ELLSWORTH AVE
738,Burglary,2016-08-05,835 E 50TH AVE
739,Burglary,2015-12-28,4359 N CLAUDE CT
740,All Other Crimes,2016-03-24,7739 E COLFAX AVE
741,Burglary,2015-08-23,777 N UMATILLA ST
742,Burglary,2015-08-23,400 S LIPAN ST
743,Burglary,2016-07-20,505 N BRYANT ST
744,Theft from Motor Vehicle,2016-05-11,11100 E 51ST AVE
745,Agg ASLT-Firearm,2017-02-12,580 S SHERIDAN BLVD
746,Robbery-Street-Res,2017-03-07,2207 N HOOKER ST
747,Burglary,2017-07-13,260 N SANTA FE DR
748,Robbery-Business,2016-04-27,5055 E 38TH AVE
749,Burglary,2016-08-10,4501 N ADAMS ST
750,Simple Assault,2015-12-09,1505 S FEDERAL BLVD
751,Burglary,2017-05-26,970 S ONEIDA ST
752,Burglary,2016-05-10,1350 S SHERIDAN BLVD
753,Larceny,2015-11-08,1579 N FRANKLIN ST
754,Burglary,2015-06-21,2600 W BARBERRY PL
755,Agg ASLT-Firearm,2015-03-21,3801 E 40TH AVE
756,Burglary,2015-01-21,4550 S KIPLING ST
757,Burglary,2016-07-15,4935 N YORK ST
758,Larceny,2015-06-09,2205 19TH ST
759,Burglary,2017-04-17,1535 N YORK ST
760,Burglary,2015-01-19,3121 E COLFAX AVE
761,Burglary,2015-05-21,870 N NAVAJO ST
762,Burglary,2017-07-12,2036 N PERRY ST
763,Burglary,2017-03-07,2207 N HOOKER ST
764,Larceny,2017-05-19,1178 S KALAMATH ST
765,All Other Crimes,2017-05-20,830 N WYANDOT ST
766,Burglary,2016-08-15,2777 S COLORADO BLVD
767,Burglary,2015-07-18,400 S LIPAN ST
768,Burglary,2015-06-24,835 E 50TH AVE
769,All Other Crimes,2017-06-30,4910 N FOX ST
770,Burglary,2015-07-14,1920 S CHEROKEE ST
771,Burglary,2015-07-03,4228 N YORK ST
772,Robbery-Street-Res,2015-06-13,18TH ST / MARKET ST
773,Larceny,2017-02-14,4935 N YORK ST
774,Burglary,2016-05-24,1355 S INCA ST
775,All Other Crimes,2015-03-28,1617 W 12TH AVE
776,Burglary,2015-06-17,5140 N CLARKSON ST
777,Burglary,2015-05-25,5110 N RACE ST
778,Burglary,2015-05-28,5194 N WASHINGTON ST
779,Burglary,2015-09-14,54 N LIPAN ST
780,Burglary,2017-02-18,665 N KALAMATH ST
781,Burglary,2016-04-04,1660 N PEARL ST
782,Burglary,2017-04-18,4707 N LIPAN ST
783,Burglary,2016-03-20,4305 N BRIGHTON BLVD
784,Burglary,2017-06-15,2268 S DELAWARE ST
785,Larceny,2016-11-02,6359 E EVANS AVE
786,Burglary,2016-08-04,5010 N PARIS ST
787,Robbery-Street-Res,2015-02-09,256 N KING ST
788,Burglary,2015-01-29,432 S BROADWAY ST
789,Burglary,2015-09-13,5615 E MINNESOTA DR
790,Drug Offenses,2015-09-30,852 N BROADWAY ST
791,Burglary,2017-06-15,183 W ALAMEDA AVE
792,All Other Crimes,2015-01-27,835 E 50TH AVE
793,Agg ASLT-Firearm,2015-10-08,5100 W 38TH AVE
794,Burglary,2015-11-18,7289 E HAMPDEN AVE
795,Burglary,2016-09-21,5101 E COLFAX AVE
796,Burglary,2015-02-08,866 N NAVAJO ST
797,Burglary,2016-07-16,1350 S SHERIDAN BLVD
798,All Other Crimes,2016-06-08,909 N LAFAYETTE ST
799,Burglary,2016-09-29,2342 N OGDEN ST
800,Theft from Motor Vehicle,2016-09-29,N MARIPOSA ST / W 37TH AVE
801,Burglary,2015-09-06,1075 S JASON ST
802,Burglary,2015-07-23,3954 N WILLIAMS ST
803,Larceny,2017-01-04,445 N FEDERAL BLVD
804,Criminal Mischief-Property,2015-08-17,1355 S INCA ST
805,Burglary,2016-07-02,2775 S FEDERAL BLVD
806,Burglary,2016-07-24,445 N FEDERAL BLVD
807,Theft from Motor Vehicle,2015-10-02,777 N UMATILLA ST
808,Burglary,2015-01-26,2291 S KALAMATH ST
809,Burglary,2015-09-24,755 S FEDERAL BLVD
810,Burglary,2016-10-19,1301 N MARION ST
811,Burglary,2016-10-22,5110 N RACE ST
812,Burglary,2016-04-25,4571 N IVY ST
813,Burglary,2015-11-28,770 N HUDSON ST
814,Burglary,2016-12-04,5098 N PARIS ST
815,Burglary,2015-08-06,1240 S BANNOCK ST
816,All Other Crimes,2015-01-29,4105 N JASON ST
817,Robbery-Street-Res,2015-08-18,1550 N BROADWAY ST
818,Burglary,2019-04-18,1100 S KALAMATH ST
819,Burglary,2016-08-06,5702 E COLFAX AVE
820,Burglary,2016-03-25,3638 N MARION ST
821,Theft from Motor Vehicle,2015-11-20,3609 N TEJON ST
822,Burglary,2015-12-18,3930 BLAKE ST
823,Larceny,2017-02-16,3955 N ONEIDA ST
824,Burglary,2015-12-23,695 N BRYANT ST
825,All Other Crimes,2015-12-23,695 N BRYANT ST
826,Larceny,2016-05-19,22O S JULIAN ST
827,Burglary,2016-02-07,3995 E 50TH AVE
828,Criminal Mischief-Property,2016-09-10,2724 N CLAYTON ST
829,Drug Offenses,2015-11-21,1269 N ELATI ST
830,Criminal Mischief-Vehicle,2015-10-02,777 N UMATILLA ST
831,Burglary,2015-11-21,735 W BAYAUD AVE
832,Drug Offenses,2015-09-25,2383 S DOWNING ST
833,Burglary,2015-11-30,2480 W WATER AVE
834,All Other Crimes,2016-04-25,3121 E COLFAX AVE
835,All Other Crimes,2015-11-30,2008 N FEDERAL BLVD
836,Agg ASLT-Firearm,2016-05-30,W 29TH AVE / N HURON ST
837,Criminal Mischief-Property,2015-07-22,1355 S INCA ST
838,Burglary,2016-05-24,4400 N GRAPE ST
839,Burglary,2016-05-14,3835 N ELM ST
840,All Other Crimes,2015-11-21,2748 W ALAMEDA AVE
841,Drug Offenses,2016-09-21,4975 N VASQUEZ BLVD
842,Theft from Motor Vehicle,2015-02-12,432 S BROADWAY ST
843,Burglary,2015-07-23,12005 E 37TH AVE
844,Robbery-Street-Res,2015-08-15,363 S BROADWAY ST
845,Burglary,2016-06-12,1955 S QUINCE ST
846,Burglary,2015-09-07,1965 N QUINCE ST
847,Burglary,2015-08-18,4359 N CLAUDE CT
848,Burglary,2015-08-06,1100 N YUMA CT
849,Theft from Motor Vehicle,2017-07-07,468 S FEDERAL BLVD
850,Burglary,2016-02-29,6858 E EVANS AVE
851,Larceny,2017-07-09,171 N HAZEL CT
852,Burglary,2016-06-28,3400 S ONEIDA WAY
853,Burglary,2016-06-28,2895 W 8TH AVE
854,All Other Crimes,2016-09-20,2863 LARIMER ST
855,All Other Crimes,2019-04-20,2949 W ALAMEDA AVE
856,Burglary,2019-12-04,2863 LARIMER ST
857,Robbery-Business,2019-11-10,2001 S BROADWAY ST
858,Burglary,2018-10-29,755 S FEDERAL BLVD
859,Larceny,2019-07-22,2001 S BROADWAY ST
860,Burglary,2019-09-20,2252 S KALAMATH ST
861,Burglary,2019-12-20,3480 S GALENA ST
862,Criminal Mischief-Property,2019-11-14,4550 S KIPLING ST
863,All Other Crimes,2019-12-18,2020 S BROADWAY ST
864,Larceny,2019-09-23,330 E COLFAX AVE
865,Burglary,2019-09-26,3100 BLAKE ST
866,Burglary,2019-12-21,6359 E EVANS AVE
867,Burglary,2019-09-23,330 N FEDERAL BLVD
868,Burglary,2018-12-10,10625 E 51ST AVE
869,All Other Crimes,2017-12-24,2777 S COLORADO BLVD
870,Theft from Motor Vehicle,2019-10-19,1350 S SHERIDAN BLVD
871,Larceny,2019-09-20,5194 N WASHINGTON ST
872,Burglary,2019-08-21,5095 N COLORADO BLVD
873,Burglary,2019-07-08,2863 LARIMER ST
874,Burglary,2019-06-28,3857 N ELM ST
875,Burglary,2018-12-18,399 S HARRISON ST
876,Burglary,2019-09-17,1301 S CHEROKEE ST
877,Burglary,2019-06-14,1301 N MARION ST
878,Burglary,2019-09-12,330 N FEDERAL BLVD
879,Burglary,2018-12-16,5130 E COLFAX AVE
880,Burglary,2019-12-24,225 N MARIPOSA ST
881,Burglary,2019-09-13,3100 BLAKE ST
882,Larceny,2019-10-20,2707 W 38TH AVE
883,Burglary,2019-08-12,3900 E 48TH AVE
884,Burglary,2019-09-17,5959 E 39TH AVE
885,Burglary,2019-12-05,5095 N COLORADO BLVD
886,Burglary,2019-11-23,5051 E 41ST AVE
887,Burglary,2018-12-08,3954 N WILLIAMS ST
888,Burglary,2019-11-18,260 N BROADWAY ST
889,Robbery-Business,2019-12-03,399 S HARRISON ST
890,Burglary,2019-05-14,1130 N YUMA ST
891,Burglary,2018-12-11,7050 N TOWER RD
892,Agg ASLT-Firearm,2019-12-09,3555 S YOSEMITE ST
893,Larceny,2019-11-13,2440 W EVANS AVE
894,Burglary,2019-05-14,4401 N ZENOBIA ST
895,Burglary,2018-12-09,82 S FEDERAL BLVD
896,Larceny,2018-12-14,6853 LEETSDALE DR
897,Burglary,2019-11-06,4615 E COLFAX AVE
898,Larceny,2019-12-13,5702 E COLFAX AVE
899,Burglary,2019-11-25,1475 S ACOMA ST
900,All Other Crimes,2019-11-15,403 16TH ST
901,Simple Assault,2019-10-14,5155 E 46TH AVE
902,Burglary,2019-07-28,2268 S DELAWARE ST
903,Burglary,2018-12-08,3819 N QUENTIN ST
904,Burglary,2019-09-24,2268 S DELAWARE ST
905,Burglary,2019-09-23,11975 E 40TH AVE
906,Burglary,2018-12-11,6858 E EVANS AVE
907,Agg ASLT-Other,2019-09-17,3835 N ELM ST
908,Burglary,2019-06-28,2000 W 32ND AVE
909,Burglary,2018-12-18,1346 W CEDAR AVE
910,Simple Assault,2019-12-10,7050 N TOWER RD
911,Burglary,2019-06-14,399 S HARRISON ST
912,Agg ASLT-Other,2019-11-23,1350 S SHERIDAN BLVD
913,Burglary,2019-11-18,2777 S COLORADO BLVD
914,Robbery-Business,2019-06-02,990 W 6TH AVE
915,Burglary,2015-02-04,4625 E COLFAX AVE
916,Burglary,2019-04-22,4750 N NOME ST
917,Burglary,2016-11-23,1075 S FOX ST
918,Drug Offenses,2016-11-16,4125 N ELATI ST
919,Burglary,2016-10-29,4495 N WASHINGTON ST
920,Burglary,2016-09-28,1885 W DARTMOUTH AVE
921,Criminal Mischief-Property,2016-05-24,2001 S BROADWAY ST
922,Larceny,2016-04-30,2645 S SANTA FE DR
923,Burglary,2016-02-18,2070 S HURON ST
924,Burglary,2016-02-12,755 S FEDERAL BLVD
925,Criminal Mischief-Property,2017-02-02,10555 E 45TH AVE
926,Burglary,2016-02-16,74 N FEDERAL BLVD
927,Criminal Mischief-Property,2015-09-25,1075 S FOX ST
928,Burglary,2017-07-06,4400 N GRAPE ST
929,Robbery-Street-Res,2017-04-08,1160 N HOLLY ST
930,Burglary,2017-02-28,2209 W 32ND AVE
931,Burglary,2016-02-12,3100 BLAKE ST
932,Burglary,2017-01-27,1801 CHESTNUT PL
933,All Other Crimes,2017-03-06,756 N KING ST
934,Burglary,2016-02-21,7739 E COLFAX AVE
935,Burglary,2015-11-05,2555 W VASSAR AVE
936,Robbery-Street-Res,2017-08-10,2700 BLOCK W 38TH AVE
937,Burglary,2017-04-23,2262 S BROADWAY ST
938,Burglary,2019-05-27,330 S DAYTON ST
939,Burglary,2015-10-19,3104 BLAKE ST
940,Burglary,2017-06-26,219 N VALLEJO ST
941,Robbery-Street-Res,2017-03-06,4551 N LOGAN ST
942,Larceny,2015-07-03,2020 S BROADWAY ST
943,Larceny,2019-05-27,2262 S BROADWAY ST
944,Burglary,2016-02-15,6666 E STAPLETON S DR
945,Robbery-Street-Res,2017-05-11,22 S GALAPAGO ST
946,Larceny,2015-10-15,1201 20TH ST
947,Burglary,2016-02-20,1568 S FEDERAL BLVD
948,Robbery-Street-Res,2016-09-21,3000 BLOCK N FIFE CT
949,Burglary,2016-04-04,811 W BAYAUD AVE
950,Burglary,2017-02-20,2209 W 32ND AVE
951,Larceny,2016-05-04,8151 E COLFAX AVE
952,Burglary,2015-11-13,1498 N IVANHOE ST
953,Burglary,2015-11-13,3888 E 45TH AVE
954,Simple Assault,2017-07-06,1501 N COLORADO BLVD
955,Burglary,2016-06-02,4359 N CLAUDE CT
956,Burglary,2016-11-18,12005 E 37TH AVE
957,Burglary,2016-01-14,4809 N CLAYTON ST
958,Burglary,2016-03-28,4975 N VASQUEZ BLVD
959,Burglary,2016-03-21,6715 E UNION AVE
960,Drug Offenses,2017-03-29,310 N ST PAUL ST
961,Burglary,2017-06-17,3435 S YOSEMITE ST
962,All Other Crimes,2017-04-10,2145 W EVANS AVE
963,Larceny,2017-06-21,2949 W ALAMEDA AVE
964,Burglary,2017-01-30,1015 W EVANS AVE
965,Burglary,2017-02-04,2390 S BROADWAY ST
966,Burglary,2017-03-28,1397 S CHEROKEE ST
967,Burglary,2017-02-12,2645 S SANTA FE DR
968,Burglary,2017-02-11,4625 E COLFAX AVE
969,Burglary,2017-06-23,2035 N PERRY ST
970,Burglary,2017-06-22,6359 E EVANS AVE
971,All Other Crimes,2017-06-05,879 N FEDERAL BLVD
972,Larceny,2017-02-11,1620 MARKET ST
973,Burglary,2017-06-21,4800 N OAKLAND ST
974,Burglary,2017-08-16,4400 N GRAPE ST
975,Larceny,2017-03-14,10700 E DARTMOUTH AVE
976,Burglary,2017-07-08,5300 N JOLIET ST
977,Burglary,2017-06-17,6625 LEETSDALE DR
978,Burglary,2017-08-06,2245 N SYRACUSE ST
979,Larceny,2015-07-22,3975 N PEORIA ST
980,Burglary,2017-07-12,3240 N PERRY ST
981,Burglary,2017-02-26,2390 S BROADWAY ST
982,Burglary,2017-08-26,900 N VALLEJO ST
983,Drug Offenses,2015-05-23,4125 N ELATI ST
984,Theft from Motor Vehicle,2018-09-18,3100 BLAKE ST
985,Criminal Mischief-Property,2019-06-02,1444 WAZEE ST
986,Criminal Mischief-Property,2017-09-05,10555 E 45TH AVE
987,Burglary,2017-08-08,3702 W QUINCY AVE
988,Burglary,2017-06-18,1395 S ACOMA ST
989,Burglary,2017-03-04,735 W BAYAUD AVE
990,Burglary,2016-11-25,380 N QUIVAS ST
991,Robbery-Business,2016-10-28,260 N SANTA FE DR
992,Robbery-Street-Res,2017-07-27,1101 W COLFAX AVE
993,Burglary,2017-02-12,1736 N DOWNING ST
994,Burglary,2017-02-11,7739 E COLFAX AVE
995,Criminal Mischief-Property,2017-02-04,260 N BROADWAY ST
996,All Other Crimes,2017-09-07,4975 N VASQUEZ BLVD
997,Burglary,2016-12-07,4105 N JASON ST
998,Burglary,2017-08-01,2035 N PERRY ST
999,Burglary,2017-06-22,3995 E 50TH AVE
1000,Burglary,2017-01-30,1568 S BROADWAY ST
1001,Burglary,2017-04-13,1810 S BROADWAY ST
1002,Criminal Mischief-Property,2016-12-24,1011 W 45TH AVE
1003,Burglary,2016-11-03,3416 W GILL PL
1004,Larceny,2016-01-17,2426 S FEDERAL BLVD
1005,Burglary,2016-11-26,3955 N ONEIDA ST
1006,Burglary,2017-02-26,5201 W 48TH AVE
1007,Larceny,2017-08-25,4750 N NOME ST
1008,Larceny,2017-02-21,2748 W ALAMEDA AVE
1009,Burglary,2017-04-08,1285 S TENNYSON ST
1010,Criminal Mischief-Property,2017-06-26,219 N VALLEJO ST
1011,Criminal Mischief-Property,2017-09-05,10555 E 45TH AVE
1012,Larceny,2017-08-23,4095 N JACKSON ST
1013,Burglary,2017-07-12,2035 N PERRY ST
1014,All Other Crimes,2017-06-22,4935 N YORK ST
1015,Burglary,2015-08-14,777 N CANOSA CT
1016,Burglary,2016-08-28,3954 N WILLIAMS ST
1017,Burglary,2016-01-26,6302 E COLFAX AVE
1018,Burglary,2016-10-04,2154 S JASON ST
1019,Simple Assault,2017-09-13,330 N FEDERAL BLVD
1020,Criminal Mischief-Property,2017-09-13,330 N FEDERAL BLVD
1021,Criminal Mischief-Property,2016-05-30,1355 S INCA ST
1022,Criminal Mischief-Property,2016-08-15,5885 E EVANS AVE
1023,Burglary,2017-07-12,4501 N ADAMS ST
1024,Drug Offenses,2016-10-09,2830 N HIGH ST
1025,Burglary,2016-07-06,1075 S JASON ST
1026,Burglary,2016-08-10,2121 E 44TH AVE
1027,Burglary,2016-05-24,4095 N JACKSON ST
1028,All Other Crimes,2017-09-25,750 N CANOSA CT
1029,Burglary,2016-08-14,4700 N KINGSTON ST
1030,Burglary,2016-07-18,4305 N BRIGHTON BLVD
1031,Burglary,2017-08-05,1126 S SHERIDAN BLVD
1032,Criminal Mischief-Property,2016-04-25,4800 N NOME ST
1033,Agg ASLT-Firearm,2016-10-17,2621 S FEDERAL BLVD
1034,Burglary,2017-11-22,4620 N PEORIA ST
1035,Burglary,2016-08-17,4875 N VASQUEZ BLVD
1036,Burglary,2016-08-22,2863 LARIMER ST
1037,Burglary,2016-09-14,399 S HARRISON ST
1038,Burglary,2016-08-03,5110 N RACE ST
1039,Robbery-Business,2016-06-19,1705 N FEDERAL BLVD
1040,Larceny,2017-09-29,1941 W EVANS AVE
1041,Burglary,2016-07-25,6853 LEETSDALE DR
1042,Burglary,2016-07-25,970 S ONEIDA ST
1043,Burglary,2016-07-23,5385 E 39TH AVE
1044,Larceny,2017-09-05,3980 N FRANKLIN ST
1045,Robbery-Street-Res,2016-05-05,E 26TH AVE / N DEXTER ST
1046,Burglary,2017-01-19,4900 N COLORADO BLVD
1047,Agg ASLT-Other,2016-06-05,1500 N HOOKER ST
1048,Larceny,2016-10-27,1135 S JASON ST
1049,Burglary,2016-07-30,4940 E 39TH AVE
1050,Robbery-Street-Res,2016-02-08,E 33RD AVE / N NEWPORT ST
1051,Burglary,2016-08-15,4228 N YORK ST
1052,Larceny,2016-08-15,8151 E COLFAX AVE
1053,Burglary,2016-07-29,1178 S KALAMATH ST
1054,Robbery-Street-Res,2017-09-26,1999 N BROADWAY ST
1055,Burglary,2016-07-11,330 S DAYTON ST
1056,All Other Crimes,2016-05-20,3460 W 32ND AVE
1057,Burglary,2016-08-02,1355 S INCA ST
1058,Larceny,2017-12-16,7741 E COLFAX AVE
1059,Burglary,2017-10-18,468 S FEDERAL BLVD
1060,Burglary,2017-02-11,8151 E COLFAX AVE
1061,Burglary,2016-05-18,4105 N JASON ST
1062,Burglary,2017-11-12,1350 S SHERIDAN BLVD
1063,All Other Crimes,2015-12-09,1505 S FEDERAL BLVD
1064,Criminal Mischief-Property,2017-09-05,10555 E 45TH AVE
1065,Robbery-Street-Res,2016-10-09,3210 W LAYTON AVE
1066,Burglary,2016-05-31,6853 LEETSDALE DR
1067,Burglary,2016-02-12,2645 S SANTA FE DR
1068,Robbery-Business,2017-07-28,5130 E COLFAX AVE
1069,Robbery-Street-Res,2017-08-10,1055 19TH ST
1070,Burglary,2016-08-18,4773 N FOX ST
1071,Burglary,2016-08-30,5926 E COLFAX AVE
1072,Burglary,2017-12-09,14456 E OLMSTED DR
1073,Robbery-Street-Res,2017-12-10,2042 ARAPAHOE ST
1074,Burglary,2017-01-19,380 N QUIVAS ST
1075,Larceny,2018-10-17,5201 W 48TH AVE
1076,Burglary,2018-08-24,3555 S YOSEMITE ST
1077,Burglary,2018-11-06,777 N CANOSA CT
1078,Burglary,2017-09-20,7164 E OHIO DR
1079,Burglary,2017-10-26,4280 MORRISON RD
1080,Criminal Mischief-Property,2017-09-18,2121 S JASON ST
1081,Robbery-Street-Res,2017-12-06,8405 E HAMPDEN AVE
1082,All Other Crimes,2017-09-22,2116 S KALAMATH ST
1083,Burglary,2017-10-30,1115 S BANNOCK ST
1084,Burglary,2017-12-17,2020 S BROADWAY ST
1085,All Other Crimes,2017-11-20,4414 N VINE ST
1086,Burglary,2017-10-10,4820 MORRISON RD
1087,Burglary,2017-11-21,2568 S BROADWAY ST
1088,All Other Crimes,2017-09-13,330 N FEDERAL BLVD
1089,Burglary,2017-09-22,2050 S CHEROKEE ST
1090,All Other Crimes,2017-09-21,4820 MORRISON RD
1091,All Other Crimes,2017-11-06,2222 LAWRENCE ST
1092,Burglary,2017-11-17,2675 W 38TH AVE
1093,Burglary,2017-10-30,1301 S CHEROKEE ST
1094,All Other Crimes,2017-11-20,4414 N VINE ST
1095,Burglary,2017-09-19,3450 N BRIGHTON BLVD
1096,Burglary,2017-09-22,1568 S FEDERAL BLVD
1097,Robbery-Street-Res,2017-10-27,3051 S UNIVERSITY BLVD
1098,Burglary,2017-10-28,4700 N CLAUDE CT
1099,Burglary,2017-11-12,3995 E 50TH AVE
1100,Burglary,2019-05-09,4750 N NOME ST
1101,Robbery-Street-Res,2017-10-23,5015 N TUCSON WAY
1102,Burglary,2017-09-30,2268 S DELAWARE ST
1103,Robbery-Business,2017-09-23,5130 E COLFAX AVE
1104,Larceny,2017-09-28,8101 E NORTHFIELD BLVD
1105,Robbery-Street-Res,2017-10-09,950 N JULIAN ST
1106,Simple Assault,2017-09-28,8101 E NORTHFIELD BLVD
1107,Burglary,2017-10-17,3450 N BRIGHTON BLVD
1108,Drug Offenses,2018-09-25,18679 E 45TH PL
1109,Drug Offenses,2018-10-10,702 N WOLFF ST
1110,Weapons Offense,2018-09-25,18679 E 45TH PL
1111,All Other Crimes,2017-09-29,5227 N MONROE ST
1112,Simple Assault,2017-11-06,2222 LAWRENCE ST
1113,All Other Crimes,2017-12-07,2301 7TH ST
1114,Criminal Mischief-Property,2017-12-06,2252 S KALAMATH ST
1115,Drug Offenses,2017-11-30,4615 E COLFAX AVE
1116,Burglary,2018-10-29,2645 S SANTA FE DR
1117,Larceny,2017-12-15,5200 E SMITH RD
1118,Robbery-Street-Res,2017-11-26,3200 BLOCK W 19TH AVE
1119,Criminal Mischief-Property,2017-09-15,3100 BLAKE ST
1120,Burglary,2017-11-09,875 N NAVAJO ST
1121,Robbery-Street-Res,2017-10-21,4820 MORRISON RD
1122,Burglary,2017-12-04,3954 N WILLIAMS ST
1123,Robbery-Street-Res,2018-11-09,4539 N COLUMBINE ST
1124,Simple Assault,2017-12-05,2949 W ALAMEDA AVE
1125,Drug Offenses,2018-10-11,4567 N DEARBORN ST
1126,Burglary,2018-11-04,4837 N WASHINGTON ST
1127,Larceny,2018-12-06,1350 S SHERIDAN BLVD
1128,Burglary,2018-12-07,930 W BYERS PL
1129,Drug Offenses,2018-10-09,8101 E NORTHFIELD BLVD
1130,Burglary,2018-10-30,930 W BYERS PL
1131,Burglary,2018-10-12,4820 MORRISON RD
1132,Burglary,2018-11-04,505 W 40TH AVE
1133,Larceny,2018-11-24,120 S KALAMATH ST
1134,Burglary,2018-08-01,2020 S COLORADO BLVD
1135,Burglary,2018-10-19,3100 BLAKE ST
1136,Criminal Mischief-Property,2018-10-12,399 S HARRISON ST
1137,Theft from Motor Vehicle,2018-08-29,660 N BRYANT ST
1138,Drug Offenses,2018-09-25,1290 S TENNYSON ST
1139,Robbery-Street-Res,2018-11-13,7739 E COLFAX AVE
1140,Larceny,2018-08-06,2209 W 32ND AVE
1141,Burglary,2017-12-27,3954 N WILLIAMS ST
1142,Auto Theft,2018-10-13,2835 S MONACO ST
1143,Burglary,2018-10-13,1568 S BROADWAY ST
1144,Burglary,2018-11-26,3855 N QUENTIN ST
1145,Drug Offenses,2018-08-06,3480 S GALENA ST
1146,Burglary,2018-08-01,3801 N JASON ST
1147,All Other Crimes,2018-08-09,543 N BRYANT ST
1148,Robbery-Street-Res,2018-10-03,3203 N QUEBEC ST
1149,All Other Crimes,2018-11-01,1940 W MISSISSIPPI AVE
1150,Burglary,2017-12-28,9791 E CORNELL AVE
1151,Burglary,2018-10-10,1995 S BROADWAY ST
1152,Burglary,2018-10-29,2601 W ALAMEDA AVE
1153,Robbery-Street-Res,2018-10-12,15 S STEELE ST
1154,Drug Offenses,2018-11-30,574 W 6TH AVE
1155,Theft from Motor Vehicle,2018-11-25,11975 E 40TH AVE
1156,Burglary,2018-08-10,1355 N SANTA FE DR
1157,Burglary,2018-08-26,4690 N BRIGHTON BLVD
1158,Criminal Mischief-Property,2018-10-08,4228 N YORK ST
1159,Burglary,2018-10-14,10625 E 51ST AVE
1160,All Other Crimes,2018-11-27,866 N NAVAJO ST
1161,Burglary,2018-12-16,155 S PECOS ST
1162,Burglary,2018-10-08,2568 S BROADWAY ST
1163,Drug Offenses,2018-10-10,702 N WOLFF ST
1164,Burglary,2018-10-13,2020 S BROADWAY ST
1165,Burglary,2018-07-12,4000 MORRISON RD
1166,Burglary,2018-08-01,2057 S BROADWAY ST
1167,Drug Offenses,2018-10-09,2806 W SHORT PL
1168,Burglary,2018-07-11,2001 S BROADWAY ST
1169,Drug Offenses,2018-11-27,3500 PARK AVEW
1170,Larceny,2018-12-15,330 N FEDERAL BLVD
1171,Robbery-Street-Res,2018-07-22,1410 W 41ST AVE
1172,Burglary,2018-10-31,4900 N COLORADO BLVD
1173,Burglary,2018-07-12,330 S DAYTON ST
1174,Burglary,2018-07-22,2394 S BROADWAY ST
1175,Burglary,2018-10-14,1568 S FEDERAL BLVD
1176,All Other Crimes,2018-08-13,4620 N PEORIA ST
1177,Larceny,2018-12-19,2426 S FEDERAL BLVD
1178,Robbery-Business,2019-12-11,7289 E HAMPDEN AVE
1179,Burglary,2019-06-28,219 N VALLEJO ST
1180,Burglary,2018-12-09,3954 N WILLIAMS ST
1181,All Other Crimes,2019-08-20,2000 W 32ND AVE
1182,Burglary,2018-12-10,1995 S BROADWAY ST
1183,Burglary,2018-12-10,3944 N HIGH ST
1184,Criminal Mischief-Property,2018-12-19,1150 W CUSTER PL
1185,Agg ASLT-Other,2019-08-27,N BROADWAY ST / CURTIS ST
1186,Burglary,2019-09-13,3104 BLAKE ST
1187,Burglary,2019-05-14,2209 W 32ND AVE
1188,Simple Assault,2019-06-28,7289 E HAMPDEN AVE
1189,Burglary,2019-09-26,3104 BLAKE ST
1190,Burglary,2019-11-24,5051 E 41ST AVE
1191,All Other Crimes,2019-11-15,403 16TH ST
1192,Simple Assault,2019-11-19,2020 S COLORADO BLVD
1193,Robbery-Business,2019-11-04,1911 S BROADWAY ST
1194,Burglary,2019-06-16,1100 N YUMA CT
1195,All Other Crimes,2019-11-21,1130 PARK AVEW
1196,Robbery-Street-Res,2019-11-11,2000 E COLFAX AVE
1197,Burglary,2019-06-15,5077 N COLORADO BLVD
1198,Burglary,2018-12-11,1133 N BANNOCK ST
1199,All Other Crimes,2019-12-10,7050 N TOWER RD
1200,Burglary,2018-12-11,4735 W 38TH AVE
